player_id,player_name,team,height,weight,seasons,points,games,games_started,minutes_played,field_goals_made,3_pntrs_made,field_goals_pct_made,3_pntrs_pct_made,ft_pct,field_goals_assisted,3_pntrs_assists,rebounds,assists_to_turnovers,offensive_rebounds,defensive_rebounds,steals,blocks,turnovers,personal_fouls,start_year,19_20_salary,future_salary,avg_pnts_per_game,pct_of_games_started,heights_inches,draft_1st_pick,draft_2nd_pick,draft_undrafted,draft_number_group,draft_nmbr_grp_rank
1626147,Justin Anderson,BKN,6-6,230.0,4,1157,219,23,2874.0,409,138,0.417773,0.3,0.776061,979,460,556,143,136,420,97,69,129,258,2015,91557,0,5.28310502283105,0.1050228310502283,78,1,0,0,21-30,3
201583,Ryan Anderson,HOU,6-9,240.0,11,8001,649,289,16768.0,2755,1325,0.421705,0.379547,0.853587,6533,3491,3413,586,1247,2166,332,217,606,1263,2008,5714583,1,12.328197226502311,0.4453004622496148,81,1,0,0,21-30,3
1628395,Jordan Bell,MIN,7-1,249.0,2,578,154,16,1854.0,250,4,0.563063,0.222222,0.637931,444,18,472,194,145,327,58,117,114,191,2017,1620564,0,3.7532467532467533,0.1038961038961039,85,0,1,0,31-40,4
1628413,Jonah Bolden,PHX,6-6,215.0,1,217,51,10,686.0,84,34,0.485549,0.34,0.48387,173,100,174,40,50,124,20,41,38,109,2018,1788296,0,4.254901960784314,0.19607843137254902,78,0,1,0,31-40,4
1629151,Ryan Broekhoff,DAL,6-0,185.0,1,238,59,1,634.0,79,58,0.427027,0.402777,0.814814,185,144,106,33,13,93,11,8,22,50,2018,1416852,0,4.033898305084746,0.01694915254237288,72,0,0,1,Undrafted,8
203504,Trey Burke,PHI,6-8,255.0,6,4071,386,128,8857.0,1577,464,0.40961,0.342688,0.797535,3850,1354,776,1354,149,627,217,44,487,526,2013,2028594,0,10.546632124352332,0.3316062176165803,80,1,0,0,1-10,1
1629076,Tyler Cook,CLE,6-10,240.0,0,19,11,0,35.0,7,0,0.7,0.0,0.833333,10,0,10,1,4,6,1,0,1,4,2019,131955,0,1.7272727272727273,0.0,82,0,0,1,Undrafted,8
203459,Allen Crabbe,MIN,6-0,170.0,6,3453,381,113,9125.0,1226,617,0.424515,0.386591,0.831168,2888,1596,1073,434,109,964,223,104,285,764,2013,17818456,0,9.062992125984252,0.29658792650918636,72,0,1,0,31-40,4
1627740,Henry Ellenson,BKN,6-8,235.0,3,327,81,2,749.0,116,47,0.371794,0.343065,0.774193,312,137,194,44,25,169,13,3,41,56,2016,79568,0,4.037037037037037,0.024691358024691357,80,1,0,0,11-20,2
204025,Tim Frazier,DET,6-2,215.0,5,1365,272,81,4818.0,498,125,0.407862,0.328947,0.734939,1221,380,627,1092,134,493,188,24,360,483,2014,1620564,0,5.018382352941177,0.2977941176470588,74,0,0,1,Undrafted,8
1628985,Devon Hall,OKC,6-9,222.0,0,5,5,0,20.0,1,0,0.2,0.0,0.75,5,2,1,3,0,1,0,0,1,1,2019,79568,0,1.0,0.0,81,0,1,0,51-60,6
1628518,Amile Jefferson,ORL,6-3,186.0,1,42,30,0,143.0,15,0,0.5,0.0,0.545454,30,0,44,7,16,28,4,6,4,15,2017,1529007,0,1.4,0.0,75,0,0,1,Undrafted,8
204020,Tyler Johnson,PHX,6-6,216.0,5,3146,301,71,7740.0,1136,371,0.429977,0.358108,0.77029,2642,1036,956,735,170,786,267,136,349,572,2014,19245370,0,10.451827242524917,0.23588039867109634,78,0,0,1,Undrafted,8
1629742,Stanton Kidd,UTA,6-2,185.0,0,0,4,0,15.0,0,0,0.0,0.0,0.0,3,1,3,1,0,3,0,0,2,3,2019,250000,0,0.0,0.0,74,0,0,1,Undrafted,8
1629133,Daryl Macon,MIA,6-1,160.0,1,32,12,0,104.0,11,6,0.366666,0.461538,0.571428,30,13,12,8,2,10,1,0,8,9,2018,79568,0,2.6666666666666665,0.0,73,0,0,1,Undrafted,8
203705,Josh Magette,ORL,6-6,220.0,1,58,26,0,254.0,20,9,0.327868,0.346153,0.9,61,26,25,62,3,22,11,2,14,20,2017,161245,0,2.230769230769231,0.0,78,0,0,1,Undrafted,8
101139,CJ Miles,WAS,6-5,219.0,14,8108,848,303,17281.0,2883,1250,0.410917,0.358474,0.808888,7016,3487,2011,914,363,1648,601,254,724,1791,2005,8730158,0,9.56132075471698,0.357311320754717,77,0,1,0,31-40,4
1628021,David Nwaba,BKN,6-9,230.0,3,1113,161,37,3296.0,412,55,0.492234,0.34375,0.661016,837,160,597,180,155,442,119,65,125,332,2016,1678854,0,6.913043478260869,0.22981366459627328,81,0,0,1,Undrafted,8
202718,Chandler Parsons,ATL,6-11,241.0,8,5571,440,369,13247.0,2129,687,0.461721,0.372559,0.712984,4611,1844,1972,1201,356,1616,412,152,657,865,2011,25102512,0,12.661363636363637,0.8386363636363636,83,0,1,0,31-40,4
1628383,Justin Patton,OKC,6-0,175.0,2,16,9,0,49.0,7,1,0.368421,0.166666,0.5,19,6,11,5,3,8,3,0,2,10,2017,1620564,0,1.7777777777777777,0.0,72,1,0,0,11-20,2
1629044,Shamorie Ponds,TOR,6-1,195.0,0,9,4,0,11.0,3,1,0.6,0.5,1.0,5,2,1,2,0,1,0,1,0,2,2019,79568,0,2.25,0.0,73,0,0,1,Undrafted,8
1629620,Justin Robinson,WAS,6-5,215.0,0,13,9,0,49.0,5,3,0.416666,0.6,0.0,12,5,5,7,1,4,0,1,3,2,2019,395865,0,1.4444444444444444,0.0,77,0,0,1,Undrafted,8
202697,Iman Shumpert,BKN,5-9,185.0,8,3318,459,246,11460.0,1224,489,0.391554,0.33794,0.763527,3126,1447,1533,845,323,1210,513,120,529,1058,2011,419443,0,7.228758169934641,0.5359477124183006,69,1,0,0,11-20,2
202738,Isaiah Thomas,WAS,6-3,210.0,8,9508,525,361,15181.0,3091,1011,0.435597,0.363538,0.872268,7096,2781,1287,2599,278,1009,464,56,1221,1109,2011,2320044,0,18.11047619047619,0.6876190476190476,75,0,1,0,51-60,6
1627820,Tyrone Wallace,ATL,6-5,198.0,2,549,106,19,1639.0,216,15,0.425196,0.202702,0.671052,508,74,228,126,44,184,55,21,92,185,2017,502491,0,5.179245283018868,0.1792452830188679,77,0,1,0,51-60,6
203500,Steven Adams,OKC,6-11,265,6,5140,525,461,14092.0,2136,1,0.588591,0.1,0.557556,3629,10,3989,610,1812,2177,468,529,749,1373,2013,25842697,1,9.790476190476191,0.878095238095238,83,1,0,0,11-20,2
1628389,Bam Adebayo,MIA,6-9,255,2,2238,215,111,5481.0,852,4,0.556862,0.114285,0.711409,1530,35,1654,608,445,1209,181,191,369,502,2017,3454080,1,10.409302325581395,0.5162790697674419,81,1,0,0,11-20,2
200746,LaMarcus Aldridge,SAS,6-11,250,13,19575,1002,961,34481.0,7909,181,0.491394,0.312068,0.810884,16095,580,8358,1983,2684,5674,730,1107,1571,2472,2006,26000000,1,19.535928143712574,0.9590818363273453,83,1,0,0,1-10,1
1629638,Nickeil Alexander-Walker,NOP,6-5,205,0,211,41,0,501.0,77,40,0.339207,0.34188,0.607142,227,117,80,74,8,72,11,7,40,46,2019,2964840,1,5.146341463414634,0.0,77,1,0,0,11-20,2
1628960,Grayson Allen,MEM,6-4,198,1,432,68,2,914.0,146,65,0.412429,0.342105,0.789473,354,190,89,68,8,81,12,7,56,83,2018,2429400,1,6.352941176470588,0.029411764705882353,76,1,0,0,21-30,3
1628386,Jarrett Allen,BKN,6-11,243,2,2138,215,169,5164.0,835,11,0.606831,0.16923,0.694528,1376,65,1658,244,526,1132,106,292,257,473,2017,2376840,1,9.944186046511629,0.786046511627907,83,1,0,0,21-30,3
1628443,Kadeem Allen,BOS,6-1,200,2,258,47,2,640.0,90,22,0.434782,0.349206,0.756756,207,63,71,109,14,57,24,8,43,68,2017,79568,0,5.48936170212766,0.0425531914893617,73,0,1,0,51-60,6
202329,Al-Farouq Aminu,ORL,6-8,220,9,5248,688,431,17264.0,1910,535,0.420519,0.335003,0.744787,4542,1597,4170,848,960,3210,659,388,835,1273,2010,9258000,1,7.627906976744186,0.626453488372093,80,1,0,0,1-10,1
203937,Kyle Anderson,MEM,6-9,230,5,1933,358,159,6997.0,781,74,0.492433,0.307053,0.697183,1586,241,1424,702,249,1175,341,189,315,497,2014,9073050,1,5.399441340782123,0.4441340782122905,81,1,0,0,21-30,3
203507,Giannis Antetokounmpo,MIL,6-11,242,6,10435,522,457,16983.0,3811,303,0.525075,0.284507,0.723968,7258,1065,4627,2250,878,3749,618,684,1437,1567,2013,25842697,1,19.990421455938698,0.8754789272030651,83,1,0,0,11-20,2
1628961,Kostas Antetokounmpo,LAL,6-10,200,1,2,5,0,16.0,0,0,0.0,0.0,0.5,3,0,2,1,0,2,2,0,1,0,2018,79568,0,0.4,0.0,82,0,1,0,51-60,6
203648,Thanasis Antetokounmpo,MIL,6-6,219,1,51,20,2,99.0,22,0,0.55,0.0,0.466666,40,8,20,9,11,9,6,2,11,15,2015,1445697,1,2.55,0.1,78,0,1,0,51-60,6
2546,Carmelo Anthony,POR,6-8,238,16,26293,1113,1105,39719.0,9417,1432,0.447916,0.34791,0.812045,21024,4116,7248,3239,1879,5369,1119,548,2918,3201,2003,2159029,0,23.623539982030547,0.9928122192273136,80,1,0,0,1-10,1
1628384,OG Anunoby,TOR,6-7,232,2,1582,204,130,4730.0,613,222,0.480031,0.361563,0.638095,1277,614,722,201,176,546,186,78,175,425,2017,2281800,1,7.754901960784314,0.6372549019607843,79,1,0,0,21-30,3
1627853,Ryan Arcidiacono,CHI,6-3,195,2,853,163,36,3195.0,294,144,0.432989,0.373056,0.828767,679,386,354,400,48,306,105,7,113,285,2017,3000000,1,5.233128834355829,0.22085889570552147,75,0,0,1,Undrafted,8
2772,Trevor Ariza,POR,6-8,215,15,11193,1063,730,31615.0,3996,1530,0.422767,0.351401,0.731611,9452,4354,5124,2297,1043,4081,1583,330,1439,2128,2004,12200000,1,10.529633113828787,0.6867356538099718,80,0,1,0,41-50,5
1629028,Deandre Ayton,PHX,6-11,250,1,1729,101,95,3179.0,764,0,0.572284,0.0,0.752808,1335,7,1089,182,346,743,83,118,197,306,2018,9562920,1,17.11881188118812,0.9405940594059405,83,1,0,0,1-10,1
1628407,Dwayne Bacon,CHA,6-6,221,2,715,135,30,2159.0,279,68,0.402597,0.345177,0.717741,693,197,313,137,27,286,51,9,78,170,2017,1618520,1,5.296296296296297,0.2222222222222222,78,0,1,0,31-40,4
1628366,Lonzo Ball,NOP,6-6,190,2,1688,155,142,5019.0,647,304,0.392597,0.343115,0.48387,1648,886,959,1023,186,773,237,92,411,341,2017,8719320,1,10.890322580645162,0.9161290322580645,78,1,0,0,1-10,1
1628964,Mo Bamba,ORL,7-0,231,1,619,106,1,1621.0,247,57,0.474088,0.331395,0.629629,521,172,525,79,159,366,33,149,85,216,2018,5697600,1,5.839622641509434,0.009433962264150943,84,1,0,0,1-10,1
203084,Harrison Barnes,SAC,6-8,225,7,8263,604,543,18823.0,3051,751,0.447229,0.374937,0.79616,6822,2003,2951,982,601,2350,421,115,711,1006,2012,24147727,1,13.68046357615894,0.8990066225165563,80,1,0,0,1-10,1
1629628,RJ Barrett,NYK,6-6,214,0,761,54,53,1635.0,278,60,0.39828,0.320855,0.601659,698,187,268,138,49,219,49,16,117,120,2019,7839960,1,14.092592592592593,0.9814814814814815,78,1,0,0,1-10,1
203115,Will Barton,DEN,6-5,181,7,5469,495,160,12073.0,2026,568,0.433276,0.346341,0.786111,4676,1640,2083,1245,373,1710,370,204,677,785,2012,12776786,1,11.048484848484849,0.32323232323232326,77,0,1,0,31-40,4
1628966,Keita Bates-Diop,DEN,6-8,229,1,409,69,3,1169.0,149,44,0.425714,0.301369,0.690721,350,146,195,47,37,158,35,35,28,67,2018,1416852,1,5.927536231884058,0.043478260869565216,80,0,1,0,41-50,5
201587,Nicolas Batum,CHA,6-9,230,11,9118,789,714,24732.0,3245,1247,0.434404,0.356693,0.841047,7470,3496,4137,2967,835,3302,747,500,1449,1398,2008,25565217,1,11.55640050697085,0.9049429657794676,81,1,0,0,21-30,3
203382,Aron Baynes,PHX,6-10,260,7,2784,468,136,7356.0,1106,83,0.497078,0.332,0.800327,2225,250,2121,373,717,1404,100,232,397,1043,2012,5453280,0,5.948717948717949,0.2905982905982906,82,0,0,1,Undrafted,8
203145,Kent Bazemore,SAC,6-4,195,7,4761,547,278,11584.0,1693,584,0.413128,0.350329,0.725688,4098,1667,1757,1004,195,1562,560,266,796,1096,2012,19269663,0,8.703839122486288,0.5082266910420475,76,0,0,1,Undrafted,8
1629647,Darius Bazley,OKC,6-8,208,0,238,53,8,909.0,88,30,0.382608,0.3,0.680851,230,100,196,29,21,175,20,35,40,45,2019,2284800,1,4.490566037735849,0.1509433962264151,80,1,0,0,21-30,3
203078,Bradley Beal,WAS,6-3,207,7,11386,544,510,18793.0,4151,1237,0.452227,0.37968,0.806198,9179,3258,2166,2164,450,1716,619,213,1236,1198,2012,27093018,1,20.93014705882353,0.9375,75,1,0,0,1-10,1
1627736,Malik Beasley,MIN,6-4,187,3,1806,219,32,3802.0,680,306,0.450033,0.389312,0.8,1511,786,433,213,72,361,116,25,142,238,2016,2731713,1,8.246575342465754,0.1461187214611872,76,1,0,0,11-20,2
201158,Marco Belinelli,SAS,6-5,220,12,8294,854,219,19421.0,2926,1202,0.423566,0.375507,0.844686,6908,3201,1756,1423,184,1572,486,65,847,1217,2007,5846154,0,9.711943793911008,0.25644028103044497,77,1,0,0,11-20,2
1627733,Dragan Bender,GSW,7-0,249,3,991,186,67,3729.0,365,181,0.395878,0.322064,0.64,922,562,713,234,112,601,54,106,199,369,2016,1868554,0,5.327956989247312,0.3602150537634409,84,1,0,0,1-10,1
202722,Davis Bertans,WAS,6-10,225,3,2188,273,32,5079.0,730,505,0.441354,0.411908,0.851145,1654,1226,758,309,98,660,118,122,169,435,2016,7000000,0,8.014652014652015,0.11721611721611722,82,0,1,0,41-50,5
201976,Patrick Beverley,LAC,6-1,180,7,3803,427,347,12038.0,1344,684,0.413538,0.378527,0.761484,3250,1807,1874,1489,500,1374,505,191,556,1342,2012,12345680,1,8.90632318501171,0.8126463700234192,73,0,1,0,41-50,5
203920,Khem Birch,ORL,6-9,233,2,571,132,25,1999.0,215,0,0.548469,0.0,0.668246,392,2,550,107,219,331,49,71,64,201,2017,3000000,1,4.325757575757576,0.1893939393939394,81,0,0,1,Undrafted,8
1629048,Goga Bitadze,IND,6-11,250,0,152,49,2,410.0,61,6,0.472868,0.166666,0.727272,129,36,96,21,22,74,6,32,25,57,2019,2816760,1,3.1020408163265305,0.04081632653061224,83,1,0,0,11-20,2
202687,Bismack Biyombo,CHA,6-8,255,8,3271,635,271,12854.0,1231,0,0.520507,0.0,0.574573,2365,2,3966,338,1255,2711,159,852,577,1407,2011,17000000,0,5.151181102362205,0.4267716535433071,80,1,0,0,1-10,1
202357,Nemanja Bjelica,SAC,6-10,234,4,2665,333,153,7245.0,1003,408,0.464566,0.393442,0.769938,2159,1037,1584,573,391,1193,224,146,332,839,2015,6825000,1,8.003003003003004,0.4594594594594595,82,0,1,0,31-40,4
202339,Eric Bledsoe,MIL,6-1,214,9,8899,626,464,17425.0,3170,678,0.457431,0.33681,0.795348,6930,2013,2488,3026,511,1977,900,300,1650,1288,2010,15625000,1,14.215654952076678,0.7412140575079872,73,1,0,0,11-20,2
203992,Bogdan Bogdanovic,SAC,6-6,220,2,2674,201,89,5632.0,982,400,0.431838,0.370027,0.803108,2274,1081,637,694,88,549,198,45,331,429,2017,8529386,0,13.303482587064677,0.4427860696517413,78,1,0,0,21-30,3
202711,Bojan Bogdanovic,UTA,6-8,226,5,6570,462,345,13172.0,2305,872,0.460263,0.393679,0.858044,5008,2215,1607,689,225,1382,255,37,723,746,2014,17000000,1,14.220779220779221,0.7467532467532467,80,0,1,0,31-40,4
1629648,Jordan Bone,DET,6-3,180,0,12,10,0,53.0,5,2,0.25,0.2,0.0,20,10,4,8,0,4,1,0,2,6,2019,79568,0,1.2,0.0,75,0,1,0,51-60,6
1629067,Isaac Bonga,WAS,6-8,180,1,285,80,41,1146.0,101,22,0.465437,0.349206,0.772151,217,63,208,76,70,138,46,25,47,145,2018,1416852,1,3.5625,0.5125,80,0,1,0,31-40,4
1626164,Devin Booker,PHX,6-5,206,4,7410,333,308,11151.0,2549,652,0.447192,0.355313,0.8682,5700,1835,1197,1553,165,1032,264,84,1099,1020,2015,27285000,1,22.25225225225225,0.924924924924925,77,1,0,0,11-20,2
1628449,Chris Boucher,TOR,6-9,200,2,441,84,0,888.0,153,40,0.454005,0.29197,0.805084,337,137,299,25,110,189,26,77,30,135,2017,1588231,0,5.25,0.0,81,0,0,1,Undrafted,8
1629065,Ky Bowman,GSW,6-1,187,0,324,44,12,991.0,129,32,0.409523,0.304761,0.829268,315,105,117,130,24,93,44,10,69,97,2019,350189,1,7.363636363636363,0.2727272727272727,73,0,0,1,Undrafted,8
202340,Avery Bradley,LAL,6-3,180,9,6702,570,492,16113.0,2698,742,0.436287,0.364798,0.780082,6184,2034,1668,1010,358,1310,581,116,802,1251,2010,6767000,1,11.757894736842106,0.8631578947368421,75,1,0,0,11-20,2
1628396,Tony Bradley,UTA,6-10,248,2,258,62,2,600.0,114,1,0.626373,0.5,0.65909,182,2,242,19,103,139,14,27,26,105,2017,1962360,1,4.161290322580645,0.03225806451612903,82,1,0,0,21-30,3
1629714,Jarrell Brantley,UTA,6-5,250,0,0,5,0,13.0,0,0,0.0,0.0,0.0,0,0,5,1,0,5,0,2,2,2,2019,79568,0,0.0,0.0,77,0,1,0,41-50,5
1629649,Ignas Brazdeikis,NYK,6-6,221,0,17,9,0,53.0,6,1,0.272727,0.111111,0.8,22,9,5,4,2,3,0,1,2,3,2019,898310,1,1.8888888888888888,0.0,78,0,1,0,41-50,5
1628969,Mikal Bridges,PHX,6-6,209,1,1241,146,79,4147.0,448,161,0.46473,0.341825,0.825112,964,471,518,285,113,405,221,76,133,342,2018,4161000,1,8.5,0.541095890410959,78,1,0,0,1-10,1
1628970,Miles Bridges,CHA,6-6,225,1,1424,144,88,3657.0,551,163,0.441506,0.328629,0.787128,1248,496,677,207,153,524,95,96,144,242,2018,3755400,1,9.88888888888889,0.6111111111111112,78,1,0,0,11-20,2
1629052,Oshae Brissett,TOR,6-7,210,0,37,19,0,135.0,13,3,0.361111,0.2,0.8,36,15,26,7,9,17,4,1,7,18,2019,129568,0,1.9473684210526316,0.0,79,0,0,1,Undrafted,8
1627763,Malcolm Brogdon,IND,6-5,229,3,3177,235,160,6722.0,1201,305,0.471905,0.384615,0.895238,2545,793,883,1017,175,708,204,46,385,458,2016,20000000,1,13.519148936170213,0.6808510638297872,77,0,1,0,31-40,4
1628415,Dillon Brooks,MEM,6-7,225,2,2032,164,138,4498.0,754,237,0.418191,0.361832,0.773584,1803,655,501,278,119,382,139,46,247,525,2017,1618520,1,12.390243902439025,0.8414634146341463,79,0,1,0,41-50,5
1628971,Bruce Brown,DET,6-4,202,1,836,132,99,3083.0,323,57,0.424441,0.301587,0.743016,761,189,459,321,109,350,103,65,146,340,2018,1416852,1,6.333333333333333,0.75,76,0,1,0,41-50,5
1627759,Jaylen Brown,BOS,6-6,223,3,3518,272,165,7108.0,1311,369,0.47006,0.37011,0.68,2789,997,1197,387,230,967,230,92,407,660,2016,6534829,1,12.933823529411764,0.6066176470588235,78,1,0,0,1-10,1
1629650,Moses Brown,POR,7-2,245,0,11,9,0,33.0,4,0,0.4,0.0,0.375,10,0,14,1,3,11,1,1,3,7,2019,79568,0,1.2222222222222223,0.0,86,0,0,1,Undrafted,8
1628425,Sterling Brown,MIL,6-5,219,2,812,157,12,2476.0,307,121,0.417687,0.34375,0.762376,735,352,492,155,84,408,78,28,107,213,2017,1618520,0,5.171974522292993,0.07643312101910828,77,0,1,0,41-50,5
1628973,Jalen Brunson,DAL,6-1,190,1,1144,130,54,2613.0,445,106,0.466946,0.352159,0.758974,953,301,303,418,47,256,59,8,154,201,2018,1416852,1,8.8,0.4153846153846154,73,0,1,0,31-40,4
1628418,Thomas Bryant,WAS,6-10,248,2,1225,124,80,2445.0,496,55,0.604141,0.341614,0.754237,821,161,721,167,187,534,39,102,110,215,2017,8000000,1,9.879032258064516,0.6451612903225806,82,0,1,0,41-50,5
203493,Reggie Bullock,NYK,6-6,205,6,2080,300,138,5896.0,762,396,0.429295,0.385214,0.829015,1775,1028,629,339,101,528,159,37,167,329,2013,4000000,1,6.933333333333334,0.46,78,1,0,0,21-30,3
202692,Alec Burks,PHI,6-6,214,8,4973,487,85,10643.0,1697,388,0.419841,0.358264,0.791362,4042,1083,1562,897,296,1266,316,92,619,858,2011,2320044,0,10.211498973305956,0.17453798767967146,78,1,0,0,11-20,2
1629126,Deonte Burton,OKC,6-4,240,1,176,66,0,524.0,72,18,0.385026,0.246575,0.583333,187,73,76,20,10,66,11,18,23,59,2018,1416852,1,2.6666666666666665,0.0,76,0,0,1,Undrafted,8
202710,Jimmy Butler,MIA,6-7,230,8,9823,577,472,19080.0,3190,504,0.453769,0.333333,0.834706,7030,1512,2936,2136,866,2070,914,275,883,830,2011,32742000,1,17.02426343154246,0.8180242634315424,79,1,0,0,21-30,3
203998,Bruno Caboclo,TOR,6-9,218,5,407,96,20,1232.0,148,60,0.396782,0.314136,0.836065,373,191,247,71,78,169,33,56,61,123,2014,1845301,0,4.239583333333333,0.20833333333333334,81,1,0,0,11-20,2
203484,Kentavious Caldwell-Pope,LAL,6-5,204,6,6189,532,391,15558.0,2227,875,0.417588,0.34972,0.797034,5333,2502,1693,870,354,1339,599,100,528,987,2013,8089282,1,11.63345864661654,0.7349624060150376,77,1,0,0,1-10,1
1628427,Vlatko Cancar,DEN,6-8,236,0,17,14,0,45.0,6,1,0.4,0.166666,1.0,15,6,10,3,5,5,1,1,3,7,2019,898310,1,1.2142857142857142,0.0,80,0,1,0,41-50,5
203991,Clint Capela,ATL,6-10,240,5,4075,334,274,8674.0,1766,0,0.634111,0.0,0.525653,2785,2,3243,324,1089,2154,229,491,412,838,2014,16896552,1,12.20059880239521,0.8203592814371258,82,1,0,0,21-30,3
201960,DeMarre Carroll,HOU,6-6,215,10,5136,575,339,13615.0,1802,657,0.429866,0.358428,0.74027,4192,1833,2446,719,654,1792,520,150,497,1123,2009,7339258,1,8.932173913043478,0.5895652173913043,78,1,0,0,21-30,3
1628975,Jevon Carter,PHX,6-1,200,1,395,88,5,1307.0,136,78,0.35602,0.366197,0.818181,382,213,157,133,38,119,63,22,63,128,2018,1416852,0,4.488636363636363,0.056818181818181816,73,0,1,0,31-40,4
1713,Vince Carter,ATL,6-6,220,21,25723,1540,982,46359.0,9291,2289,0.435502,0.371229,0.797763,21334,6166,6605,4714,1658,4947,1530,888,2590,3991,1998,2564753,0,16.703246753246752,0.6376623376623377,78,1,0,0,1-10,1
203487,Michael Carter-Williams,ORL,6-5,190,6,3708,356,192,9015.0,1375,163,0.402164,0.253894,0.709821,3419,642,1564,1565,335,1229,466,195,837,866,2013,2028594,0,10.415730337078651,0.5393258426966292,77,1,0,0,11-20,2
1627936,Alex Caruso,LAL,6-5,186,2,676,119,12,2111.0,236,74,0.433027,0.373737,0.764705,545,198,242,253,48,194,106,36,128,191,2017,2750000,1,5.680672268907563,0.10084033613445378,77,0,0,1,Undrafted,8
1626161,Willie Cauley-Stein,DAL,7-0,240,4,3355,348,237,8176.0,1418,4,0.538549,0.210526,0.610913,2633,19,2187,553,614,1573,322,289,347,825,2015,2177483,1,9.64080459770115,0.6810344827586207,84,1,0,0,1-10,1
2199,Tyson Chandler,HOU,7-0,235,18,9509,1160,886,31618.0,3558,0,0.596579,0.0,0.644318,5964,11,10467,967,3529,6938,630,1335,1656,3268,2001,2564753,0,8.197413793103449,0.7637931034482759,84,1,0,0,1-10,1
201163,Wilson Chandler,BKN,6-8,235,12,8458,675,482,20259.0,3269,873,0.442953,0.341282,0.769287,7380,2558,3569,1202,766,2803,470,414,929,1804,2007,2564753,0,12.53037037037037,0.7140740740740741,80,1,0,0,21-30,3
1629597,Zylan Cheatham,NOP,6-5,220,0,4,3,0,31.0,2,0,0.4,0.0,0.0,5,1,6,2,1,5,0,1,3,5,2019,79568,0,1.3333333333333333,0.0,77,0,0,1,Undrafted,8
1629185,Chris Chiozza,BKN,5-11,175,1,79,27,0,264.0,30,17,0.38961,0.435897,1.0,77,39,38,47,6,32,16,3,18,23,2018,159136,0,2.925925925925926,0.0,71,0,0,1,Undrafted,8
1627737,Marquese Chriss,GSW,6-9,240,3,2029,255,146,4938.0,760,152,0.455362,0.289523,0.666044,1669,525,1240,277,323,917,174,213,328,670,2016,1413273,1,7.956862745098039,0.5725490196078431,81,1,0,0,1-10,1
1629109,Gary Clark,ORL,6-6,225,1,260,85,3,1056.0,88,69,0.352,0.309417,0.9375,250,223,199,33,50,149,24,40,11,77,2018,1427191,0,3.0588235294117645,0.03529411764705882,78,0,0,1,Undrafted,8
1629634,Brandon Clarke,MEM,6-8,215,0,602,50,3,1086.0,254,21,0.622549,0.403846,0.784946,408,52,292,72,78,214,26,42,46,82,2019,2478840,1,12.04,0.06,80,1,0,0,21-30,3
203903,Jordan Clarkson,UTA,6-4,194,5,6573,445,138,12053.0,2528,652,0.447275,0.340825,0.818353,5652,1913,1404,1152,384,1020,385,61,739,738,2014,13437500,0,14.770786516853933,0.3101123595505618,76,0,1,0,41-50,5
1629651,Nicolas Claxton,BKN,6-11,215,0,66,15,0,187.0,27,1,0.5625,0.142857,0.523809,48,7,44,16,19,25,1,8,9,14,2019,898310,1,4.4,0.0,83,0,1,0,31-40,4
1629598,Chris Clemons,HOU,5-9,180,0,141,29,0,251.0,51,33,0.404761,0.351063,0.857142,126,94,23,22,3,20,6,5,17,20,2019,563346,1,4.862068965517241,0.0,69,0,0,1,Undrafted,8
1628499,Antonius Cleveland,DAL,6-5,195,1,28,23,0,145.0,10,3,0.37037,0.6,0.625,27,5,17,2,3,14,8,6,8,25,2017,79568,0,1.2173913043478262,0.0,77,0,0,1,Undrafted,8
1629599,Amir Coffey,LAC,6-7,210,0,26,12,0,89.0,12,1,0.428571,0.166666,0.333333,28,6,13,8,4,9,1,1,3,10,2019,79568,0,2.1666666666666665,0.0,79,0,0,1,Undrafted,8
1628381,John Collins,ATL,6-9,235,2,2828,175,125,4935.0,1123,129,0.572667,0.372832,0.757525,1961,346,1537,279,507,1030,98,184,297,550,2017,2686560,1,16.16,0.7142857142857143,81,1,0,0,11-20,2
1628380,Zach Collins,POR,6-11,250,2,831,146,4,2488.0,313,78,0.44209,0.323651,0.729885,708,241,557,129,158,399,42,99,141,318,2017,4240200,1,5.691780821917808,0.0273972602739726,83,1,0,0,1-10,1
201144,Mike Conley,UTA,6-1,175,12,12300,829,793,26870.0,4379,1166,0.439217,0.375281,0.8179,9970,3107,2460,4687,367,2093,1192,166,1662,1640,2007,32511623,1,14.837153196622436,0.9565741857659831,73,1,0,0,1-10,1
1626192,Pat Connaughton,MIL,6-5,209,4,1305,277,9,4328.0,497,206,0.442959,0.342762,0.783582,1122,601,762,346,174,588,84,79,150,290,2015,1723050,0,4.7111913357400725,0.032490974729241874,77,0,1,0,41-50,5
1626188,Quinn Cook,LAL,6-1,180,3,1083,159,28,2395.0,435,163,0.467741,0.411616,0.76923,930,396,286,271,40,246,47,5,120,187,2016,3000000,1,6.811320754716981,0.1761006289308176,73,0,0,1,Undrafted,8
202326,DeMarcus Cousins,GSW,6-11,270,9,12006,565,543,18079.0,4283,342,0.460785,0.331716,0.736741,9295,1031,6131,1832,1565,4566,805,697,2000,2175,2010,3500000,0,21.249557522123894,0.9610619469026549,83,1,0,0,1-10,1
203496,Robert Covington,HOU,6-7,209,6,4939,387,339,11571.0,1648,913,0.406813,0.358601,0.812013,4051,2546,2192,579,359,1833,636,337,667,1182,2013,11301219,1,12.762273901808786,0.875968992248062,79,0,0,1,Undrafted,8
1628470,Torrey Craig,DEN,6-7,221,2,838,163,61,2982.0,317,113,0.450284,0.321022,0.669117,704,352,545,130,177,368,66,92,85,346,2017,2000000,0,5.141104294478527,0.37423312883435583,79,0,0,1,Undrafted,8
203109,Jae Crowder,MIA,6-6,235,7,5731,600,290,14816.0,1976,847,0.419176,0.336244,0.778613,4714,2519,2464,916,436,2028,586,194,523,1204,2012,7815533,0,9.551666666666666,0.48333333333333334,78,0,1,0,31-40,4
1629633,Jarrett Culver,MIN,6-6,195,0,568,62,35,1487.0,225,65,0.401069,0.296803,0.460869,561,219,211,108,70,141,57,38,80,122,2019,5813640,1,9.161290322580646,0.5645161290322581,78,1,0,0,1-10,1
203552,Seth Curry,DAL,6-2,185,6,2523,251,73,5589.0,919,437,0.476165,0.443204,0.843537,1930,986,501,442,87,414,175,30,249,367,2013,7461380,1,10.05179282868526,0.2908366533864542,74,0,0,1,Undrafted,8
201939,Stephen Curry,GSW,6-3,185,10,16419,699,693,23999.0,5682,2495,0.476238,0.434744,0.905553,11931,5739,3158,4621,490,2668,1205,156,2179,1732,2009,40231758,1,23.489270386266096,0.9914163090128756,75,1,0,0,1-10,1
203584,Troy Daniels,DEN,6-4,200,6,2206,334,20,4970.0,757,549,0.401165,0.396389,0.798882,1887,1385,440,182,74,366,97,21,184,422,2013,2487033,0,6.604790419161676,0.059880239520958084,76,0,0,1,Undrafted,8
203076,Anthony Davis,LAL,6-10,253,7,12500,520,515,17960.0,4652,242,0.516601,0.317585,0.80141,9005,762,5414,1152,1330,4084,721,1254,1003,1240,2012,27093019,1,24.03846153846154,0.9903846153846154,82,1,0,0,1-10,1
202334,Ed Davis,UTA,6-9,218,9,4197,665,95,13221.0,1735,0,0.567735,0.0,0.582532,3056,4,4427,507,1524,2903,332,544,520,1654,2010,4767000,1,6.311278195488722,0.14285714285714285,81,1,0,0,11-20,2
1629056,Terence Davis,TOR,6-4,201,0,495,64,2,1087.0,181,88,0.462915,0.396396,0.865384,391,222,217,107,46,171,32,12,65,104,2019,898310,1,7.734375,0.03125,76,0,0,1,Undrafted,8
201942,DeMar DeRozan,SAS,6-6,220,10,16270,812,800,27730.0,5845,340,0.457033,0.282626,0.828934,12789,1203,3540,2881,605,2935,801,235,1666,1839,2009,27739975,1,20.036945812807883,0.9852216748768473,78,1,0,0,1-10,1
203473,Dewayne Dedmon,ATL,7-0,245,6,2515,393,193,7168.0,997,155,0.516312,0.334773,0.732,1931,463,2351,272,613,1738,215,342,387,1002,2013,13333334,1,6.399491094147582,0.4910941475826972,84,0,0,1,Undrafted,8
203521,Matthew Dellavedova,CLE,6-3,200,6,2419,433,91,8816.0,860,394,0.388437,0.367194,0.837912,2214,1073,772,1583,161,611,201,19,544,822,2013,9607500,0,5.586605080831409,0.21016166281755197,75,0,0,1,Undrafted,8
1628978,Donte DiVincenzo,MIL,6-4,203,1,685,86,22,1773.0,259,98,0.449652,0.322368,0.766666,576,304,354,167,75,279,93,24,91,135,2018,2905800,1,7.965116279069767,0.2558139534883721,76,1,0,0,11-20,2
1627767,Cheick Diallo,PHX,6-8,219,3,931,176,3,2129.0,391,2,0.596946,0.333333,0.769633,655,6,738,78,171,567,54,72,114,265,2016,1678854,1,5.2897727272727275,0.017045454545454544,80,0,1,0,31-40,4
1628977,Hamidou Diallo,OKC,6-5,202,1,423,89,6,1225.0,174,11,0.453125,0.18644,0.615384,384,59,219,39,67,152,49,18,60,159,2018,1416852,1,4.752808988764045,0.06741573033707865,77,0,1,0,41-50,5
203476,Gorgui Dieng,MEM,6-10,252,6,4017,509,204,11245.0,1543,112,0.500324,0.341463,0.785234,3084,328,3142,697,945,2197,423,501,598,1161,2013,16229213,1,7.8919449901768175,0.40078585461689586,82,1,0,0,21-30,3
203915,Spencer Dinwiddie,BKN,6-5,215,5,4080,316,129,8132.0,1311,438,0.410328,0.318545,0.791925,3195,1375,871,1571,133,738,213,90,556,742,2014,10605600,1,12.91139240506329,0.40822784810126583,77,0,1,0,31-40,4
1629029,Luka Doncic,DAL,6-7,230,1,3009,124,124,4041.0,995,316,0.442418,0.321138,0.73382,2249,984,1052,882,153,899,132,35,467,266,2018,7683360,1,24.266129032258064,1.0,79,1,0,0,1-10,1
1629652,Luguentz Dort,OKC,6-3,215,0,180,29,21,637.0,65,22,0.414012,0.301369,0.777777,157,73,54,21,15,39,23,2,15,78,2019,79568,0,6.206896551724138,0.7241379310344828,75,0,0,1,Undrafted,8
1628422,Damyean Dotson,NYK,6-5,210,2,1282,165,42,3314.0,482,207,0.419495,0.361256,0.720779,1149,573,437,223,53,384,93,16,109,213,2017,1618520,0,7.7696969696969695,0.2545454545454545,77,0,1,0,41-50,5
1629635,Sekou Doumbouya,DET,6-8,230,0,241,37,19,731.0,91,28,0.392241,0.288659,0.673913,232,97,117,17,20,97,20,8,35,78,2019,3285120,1,6.513513513513513,0.5135135135135135,80,1,0,0,11-20,2
1628408,PJ Dozier,DEN,6-6,205,2,107,29,0,288.0,45,9,0.394736,0.25,0.615384,114,36,48,34,11,37,9,5,12,30,2017,79568,0,3.689655172413793,0.0,78,0,0,1,Undrafted,8
201609,Goran Dragic,MIA,6-3,190,11,11286,811,509,22741.0,4137,985,0.463893,0.364814,0.76289,8918,2700,2475,3916,585,1890,801,149,1833,1875,2008,19217900,0,13.916152897657213,0.6276202219482121,75,0,1,0,41-50,5
203083,Andre Drummond,CLE,6-10,279,7,8650,598,547,18554.0,3653,15,0.541506,0.145631,0.460658,6746,103,8281,776,2856,5425,833,937,1166,1902,2012,27093018,1,14.464882943143813,0.9147157190635451,82,1,0,0,1-10,1
201162,Jared Dudley,LAL,6-6,237,12,6617,887,286,19983.0,2402,879,0.463885,0.39364,0.731974,5178,2233,2819,1381,800,2019,706,166,759,1624,2007,2564753,0,7.459977452085682,0.322435174746336,78,1,0,0,21-30,3
1627739,Kris Dunn,CHI,6-3,205,3,1884,227,126,5516.0,771,127,0.422003,0.306024,0.726351,1827,415,760,948,90,670,351,101,411,676,2016,5348007,1,8.299559471365638,0.5550660792951542,75,1,0,0,1-10,1
201142,Kevin Durant,BKN,6-10,240,12,22940,849,849,31304.0,7814,1570,0.492717,0.380883,0.882569,15859,4122,5992,3486,617,5375,948,941,2653,1618,2007,37199000,1,27.02002355712603,1.0,82,1,0,0,1-10,1
1629035,Carsen Edwards,BOS,5-11,200,0,106,35,0,316.0,37,21,0.327433,0.308823,0.846153,113,68,43,22,6,37,10,3,15,33,2019,1228026,1,3.0285714285714285,0.0,71,0,1,0,31-40,4
201961,Wayne Ellington,NYK,6-4,207,10,5455,679,166,14253.0,1984,1014,0.408482,0.378358,0.846153,4857,2680,1475,751,216,1259,370,52,455,781,2009,8000000,1,8.033873343151694,0.24447717231222385,76,1,0,0,21-30,3
203954,Joel Embiid,PHI,7-0,280,3,4834,201,201,6154.0,1613,235,0.478919,0.3206,0.793641,3368,733,2310,633,481,1829,150,367,708,680,2014,27504630,1,24.049751243781095,1.0,84,1,0,0,1-10,1
1629234,Drew Eubanks,SAS,6-9,245,1,92,36,3,237.0,36,1,0.666666,1.0,0.791666,54,1,68,10,14,54,3,10,17,32,2018,79568,0,2.5555555555555554,0.08333333333333333,81,0,0,1,Undrafted,8
1628980,Jacob Evans,MIN,6-4,210,1,168,59,2,622.0,63,17,0.336898,0.314814,0.833333,187,54,66,54,15,51,16,15,36,69,2018,1925880,1,2.847457627118644,0.03389830508474576,76,1,0,0,21-30,3
203957,Dante Exum,CLE,6-5,214,4,1366,239,69,4429.0,499,165,0.407014,0.307835,0.766037,1226,536,424,502,89,335,97,42,301,420,2014,9600000,1,5.7154811715481175,0.28870292887029286,77,1,0,0,1-10,1
1629605,Tacko Fall,BOS,7-5,311,0,19,6,0,24.0,9,0,0.75,0.0,0.333333,12,0,11,0,0,11,0,2,3,5,2019,79568,0,3.1666666666666665,0.0,89,0,0,1,Undrafted,8
202324,Derrick Favors,NOP,6-9,265,9,7735,677,479,17357.0,3151,36,0.529757,0.206896,0.661771,5948,174,4992,776,1721,3271,523,857,946,1763,2010,17650000,0,11.425406203840472,0.707533234859675,81,1,0,0,1-10,1
1626245,Cristiano Felicio,CHI,6-10,270,4,1055,234,20,3470.0,424,0,0.572199,0.0,0.678688,741,12,966,174,371,595,68,50,151,348,2015,8156500,1,4.5085470085470085,0.08547008547008547,82,0,0,1,Undrafted,8
1628390,Terrance Ferguson,OKC,6-6,190,2,911,185,123,3864.0,329,192,0.411764,0.339823,0.7625,799,565,261,136,75,186,90,42,88,458,2017,2475840,1,4.924324324324324,0.6648648648648648,78,1,0,0,21-30,3
1628981,Bruno Fernando,ATL,6-9,240,0,238,55,13,697.0,102,5,0.520408,0.135135,0.58,196,37,196,48,66,130,18,17,42,107,2019,1400000,1,4.327272727272727,0.23636363636363636,81,0,1,0,31-40,4
1627812,Yogi Ferrell,SAC,6-0,178,3,1905,243,53,5030.0,691,275,0.42006,0.365205,0.837837,1645,753,517,569,65,452,156,26,213,338,2016,3150000,0,7.839506172839506,0.21810699588477367,72,0,0,1,Undrafted,8
1627827,Dorian Finney-Smith,DAL,6-7,220,3,1663,246,134,5936.0,606,251,0.424072,0.325551,0.724637,1429,771,1034,285,339,695,174,102,201,505,2016,4000000,1,6.760162601626016,0.5447154471544715,79,0,0,1,Undrafted,8
1627854,Bryn Forbes,SAS,6-2,205,3,2316,260,154,5654.0,846,428,0.431192,0.4,0.8,1962,1070,495,386,44,451,106,6,184,399,2016,2875000,0,8.907692307692308,0.5923076923076923,74,0,0,1,Undrafted,8
203095,Evan Fournier,ORL,6-7,205,7,7306,518,376,14714.0,2637,925,0.449233,0.376475,0.806851,5870,2457,1419,1345,223,1196,443,58,857,1264,2012,17150000,1,14.104247104247104,0.7258687258687259,79,1,0,0,11-20,2
1628368,De'Aaron Fox,SAC,6-3,185,2,3163,199,185,5998.0,1162,180,0.448475,0.334572,0.717864,2591,538,689,1214,106,583,267,88,541,496,2017,6392760,1,15.894472361809045,0.9296482412060302,75,1,0,0,1-10,1
1626187,Michael Frazier,HOU,6-3,200,0,14,8,0,66.0,4,2,0.363636,0.25,0.666666,11,8,3,1,1,2,2,0,2,13,2018,79568,0,1.75,0.0,75,0,0,1,Undrafted,8
1628365,Markelle Fultz,ORL,6-3,209,2,1013,96,73,2461.0,424,33,0.457883,0.251908,0.67005,926,131,322,440,69,253,109,19,172,198,2017,9745200,1,10.552083333333334,0.7604166666666666,75,1,0,0,1-10,1
1629117,Wenyen Gabriel,POR,6-9,205,0,60,27,1,209.0,20,6,0.434782,0.3,0.7,46,20,46,8,18,28,10,6,16,35,2018,1445697,0,2.2222222222222223,0.037037037037037035,81,0,0,1,Undrafted,8
1629655,Daniel Gafford,CHI,6-10,234,0,215,42,7,588.0,92,0,0.696969,0.0,0.525423,132,0,102,20,50,52,13,53,27,97,2019,898310,1,5.119047619047619,0.16666666666666666,82,0,1,0,31-40,4
201568,Danilo Gallinari,OKC,6-10,233,11,9777,604,534,18741.0,2960,1198,0.426758,0.380559,0.872089,6936,3148,2971,1231,447,2524,477,239,798,1098,2008,22615559,0,16.18708609271523,0.8841059602649006,82,1,0,0,1-10,1
204038,Langston Galloway,DET,6-1,200,5,3439,404,62,9268.0,1226,600,0.395356,0.367421,0.809623,3101,1633,1044,691,201,843,294,64,250,672,2014,7333333,0,8.512376237623762,0.15346534653465346,73,0,0,1,Undrafted,8
1629636,Darius Garland,CLE,6-1,192,0,728,59,59,1824.0,280,105,0.400572,0.354729,0.875,699,296,111,229,27,84,42,4,151,92,2019,6400920,1,12.338983050847459,1.0,73,1,0,0,1-10,1
201188,Marc Gasol,TOR,6-11,255,11,12196,831,816,27556.0,4527,375,0.481544,0.355787,0.77681,9401,1054,6342,2864,1371,4971,760,1191,1686,2413,2008,25595700,0,14.676293622141998,0.9819494584837545,83,0,1,0,41-50,5
200752,Rudy Gay,SAS,6-8,250,13,16045,938,777,31156.0,6089,960,0.455388,0.345448,0.797968,13371,2779,5531,2066,1312,4219,1133,716,2086,2231,2006,14500000,1,17.105543710021323,0.8283582089552238,80,1,0,0,1-10,1
202331,Paul George,LAC,6-8,220,9,12848,645,597,21623.0,4344,1563,0.432971,0.379645,0.845928,10033,4117,4131,2157,585,3546,1126,287,1671,1737,2010,33005556,1,19.91937984496124,0.9255813953488372,80,1,0,0,1-10,1
201959,Taj Gibson,NYK,6-9,232,10,7599,797,438,20058.0,3158,25,0.514583,0.215517,0.709131,6137,116,4992,811,1850,3142,447,834,939,2015,2009,9000000,1,9.534504391468005,0.5495608531994981,81,1,0,0,21-30,3
1628983,Shai Gilgeous-Alexander,OKC,6-5,180,1,2105,145,136,4388.0,783,129,0.474258,0.35734,0.800781,1651,361,616,478,102,514,166,90,258,283,2018,3952920,1,14.517241379310345,0.9379310344827586,77,1,0,0,11-20,2
203497,Rudy Gobert,UTA,7-1,258,6,5458,468,376,13803.0,2010,0,0.639719,0.0,0.629321,3142,3,5125,638,1523,3602,323,1019,761,1221,2013,25258427,1,11.662393162393162,0.8034188034188035,85,1,0,0,21-30,3
1629164,Brandon Goodwin,ATL,6-0,180,1,229,50,1,488.0,82,28,0.384976,0.301075,0.902439,213,93,75,65,12,63,12,4,32,50,2018,522738,1,4.58,0.02,72,0,0,1,Undrafted,8
203932,Aaron Gordon,ORL,6-8,235,5,5074,398,309,11382.0,1916,436,0.447558,0.318248,0.700869,4281,1370,2546,942,635,1911,310,253,554,803,2014,19863636,1,12.748743718592964,0.7763819095477387,80,1,0,0,1-10,1
201569,Eric Gordon,HOU,6-3,215,11,10975,662,509,21727.0,3728,1547,0.425182,0.370361,0.810855,8768,4177,1632,1893,274,1358,598,226,1305,1311,2008,14057730,1,16.578549848942597,0.7688821752265861,75,1,0,0,1-10,1
1626203,Treveon Graham,ATL,6-5,219,3,752,179,44,2871.0,264,119,0.382608,0.333333,0.690789,690,357,397,142,120,277,76,16,75,293,2016,1645357,0,4.201117318435754,0.24581005586592178,77,0,0,1,Undrafted,8
203924,Jerami Grant,DEN,6-8,210,5,4102,446,167,10893.0,1440,360,0.462724,0.34682,0.666151,3112,1038,1725,475,421,1304,263,503,415,1015,2014,9346153,1,9.197309417040358,0.3744394618834081,80,0,1,0,31-40,4
1627982,Josh Gray,PHX,6-0,180,1,34,7,0,109.0,12,3,0.279069,0.230769,0.636363,43,13,12,14,3,9,8,2,12,9,2017,79568,0,4.857142857142857,0.0,72,0,0,1,Undrafted,8
201980,Danny Green,LAL,6-6,215,10,6071,680,604,17267.0,2153,1274,0.423985,0.401512,0.810231,5078,3173,2373,1079,404,1969,683,535,694,1199,2009,14634147,1,8.927941176470588,0.888235294117647,78,0,1,0,41-50,5
203110,Draymond Green,GSW,6-6,230,7,5170,576,428,16200.0,1875,521,0.435337,0.31924,0.70955,4307,1632,3966,2855,648,3318,789,609,1187,1592,2012,18539130,1,8.975694444444445,0.7430555555555556,78,0,1,0,31-40,4
101123,Gerald Green,HOU,6-7,205,12,6412,658,118,13026.0,2312,962,0.416877,0.360569,0.817821,5546,2668,1639,596,318,1321,335,199,721,1228,2005,2564753,0,9.74468085106383,0.17933130699088146,79,1,0,0,11-20,2
203210,JaMychal Green,LAC,6-8,227,5,2852,353,151,7728.0,1080,255,0.469565,0.365853,0.766666,2300,697,2173,325,649,1524,200,151,398,949,2014,4767000,1,8.079320113314447,0.42776203966005666,80,0,0,1,Undrafted,8
1629750,Javonte Green,BOS,6-4,205,0,127,44,1,414.0,49,6,0.5,0.260869,0.638888,98,23,80,23,18,62,23,7,18,37,2019,898310,1,2.8863636363636362,0.022727272727272728,76,0,0,1,Undrafted,8
201145,Jeff Green,HOU,6-8,235,11,11654,899,544,26554.0,4233,918,0.441259,0.334548,0.804679,9593,2744,3986,1402,832,3154,650,481,1350,1973,2007,3405180,0,12.963292547274749,0.6051167964404894,80,1,0,0,1-10,1
201933,Blake Griffin,DET,6-9,250,9,13479,622,622,21672.0,5049,407,0.498223,0.332788,0.694373,10134,1223,5501,2749,1345,4156,553,321,1617,1777,2009,34449964,1,21.670418006430868,1.0,81,1,0,0,1-10,1
1629741,Marko Guduric,MEM,6-6,201,0,170,42,0,476.0,61,25,0.396103,0.308641,0.92,154,81,71,45,14,57,12,8,36,34,2019,2625000,1,4.0476190476190474,0.0,78,0,0,1,Undrafted,8
1629657,Kyle Guy,SAC,6-1,167,0,2,2,0,4.0,1,0,0.5,0.0,0.0,2,1,0,0,0,0,0,0,0,0,2019,79568,0,1.0,0.0,73,0,1,0,51-60,6
1629060,Rui Hachimura,WAS,6-8,230,0,536,40,40,1189.0,214,20,0.475555,0.277777,0.822429,450,72,241,68,63,178,34,5,40,88,2019,4469160,1,13.4,1.0,80,1,0,0,1-10,1
201935,James Harden,HOU,6-5,220,10,20686,825,612,28310.0,6091,2291,0.442081,0.363074,0.85803,13778,6310,4384,5186,646,3738,1293,435,3040,2182,2009,38199000,1,25.073939393939394,0.7418181818181818,77,1,0,0,1-10,1
1629607,Jared Harper,PHX,5-10,175,0,2,3,0,8.0,1,0,0.25,0.0,0.0,4,2,0,0,0,0,0,0,0,0,2019,79568,0,0.6666666666666666,0.0,70,0,0,1,Undrafted,8
1626149,Montrezl Harrell,LAC,6-7,240,4,4023,317,25,6623.0,1642,5,0.614751,0.10204,0.637152,2671,49,1566,422,555,1011,177,287,369,718,2015,6000000,0,12.690851735015773,0.07886435331230283,79,0,1,0,31-40,4
203914,Gary Harris,DEN,6-4,210,5,4451,367,305,10639.0,1670,540,0.454051,0.36048,0.804225,3678,1498,961,778,227,734,460,81,458,653,2014,17839286,1,12.128065395095367,0.8310626702997275,76,1,0,0,11-20,2
203925,Joe Harris,BKN,6-6,220,5,3320,324,164,7834.0,1209,600,0.473746,0.423131,0.786458,2552,1418,1011,519,185,826,148,63,386,656,2014,7666667,0,10.246913580246913,0.5061728395061729,78,0,1,0,31-40,4
202699,Tobias Harris,PHI,6-8,226,8,9679,610,490,18806.0,3676,803,0.47098,0.364502,0.819795,7805,2203,3683,1229,603,3080,451,297,847,1222,2011,32742000,1,15.8672131147541,0.8032786885245902,80,1,0,0,11-20,2
1627885,Shaquille Harrison,CHI,6-7,190,2,827,138,22,2269.0,317,46,0.44774,0.296774,0.703349,708,155,359,239,60,299,148,53,101,216,2017,1620564,0,5.992753623188406,0.15942028985507245,79,0,0,1,Undrafted,8
1628404,Josh Hart,NOP,6-5,215,2,1600,187,59,4739.0,565,281,0.42803,0.353015,0.713207,1320,796,881,267,131,750,170,77,170,398,2017,1934160,1,8.556149732620321,0.3155080213903743,77,1,0,0,21-30,3
1628392,Isaiah Hartenstein,HOU,7-0,250,1,160,51,2,487.0,64,2,0.592592,0.181818,0.714285,108,11,137,33,50,87,16,24,29,97,2018,1416852,1,3.1372549019607843,0.0392156862745098,84,0,1,0,41-50,5
2617,Udonis Haslem,MIA,6-8,235,16,6516,857,499,21540.0,2640,4,0.489341,0.070175,0.755364,5395,57,5746,729,1606,4140,422,249,803,2040,2003,2564753,0,7.603267211201867,0.5822637106184364,80,0,0,1,Undrafted,8
1629637,Jaxson Hayes,NOP,6-11,220,0,420,56,12,951.0,155,1,0.659574,0.25,0.630057,235,4,223,51,82,141,23,53,41,142,2019,4862040,1,7.5,0.21428571428571427,83,1,0,0,1-10,1
202330,Gordon Hayward,BOS,6-7,225,9,9655,633,471,19496.0,3313,837,0.450503,0.365981,0.822205,7354,2287,2756,2186,471,2285,622,257,1241,1105,2010,32700690,1,15.252764612954186,0.7440758293838863,79,1,0,0,1-10,1
203089,John Henson,DET,6-9,219,7,3383,445,160,8752.0,1438,20,0.540398,0.25,0.568261,2661,80,2368,496,802,1566,211,642,496,998,2012,9732396,0,7.602247191011236,0.3595505617977528,81,1,0,0,11-20,2
1629608,Dewan Hernandez,TOR,6-10,235,0,4,4,0,11.0,1,0,0.2,0.0,1.0,5,1,7,0,2,5,1,0,1,6,2019,898310,1,1.0,0.0,82,0,1,0,51-60,6
1626195,Willy Hernangomez,CHA,6-11,250,3,1444,209,26,3006.0,564,29,0.530573,0.329545,0.686602,1063,88,1130,218,391,739,85,79,223,344,2016,1676735,0,6.909090909090909,0.12440191387559808,83,0,1,0,31-40,4
1629639,Tyler Herro,MIA,6-5,195,0,603,46,6,1273.0,219,99,0.413988,0.392857,0.835443,529,252,186,91,14,172,29,7,72,58,2019,3640200,1,13.108695652173912,0.13043478260869565,77,1,0,0,11-20,2
1628987,Kevin Hervey,OKC,6-9,230,0,2,7,0,20.0,1,0,0.090909,0.0,0.0,11,8,2,1,0,2,0,0,0,1,2019,79568,0,0.2857142857142857,0.0,81,0,1,0,51-60,6
1626209,Mario Hezonja,POR,6-8,220,4,2245,323,69,5989.0,840,261,0.416873,0.319461,0.812834,2015,817,1000,407,142,858,234,80,362,532,2015,1737145,1,6.95046439628483,0.21362229102167182,80,1,0,0,1-10,1
1627741,Buddy Hield,SAC,6-4,220,3,4908,308,194,8572.0,1822,846,0.442018,0.411478,0.869022,4122,2056,1294,678,253,1041,241,81,521,615,2016,4861207,1,15.935064935064934,0.6298701298701299,76,1,0,0,1-10,1
201588,George Hill,MIL,6-3,188,11,8662,778,447,21575.0,3070,952,0.457185,0.384646,0.802658,6715,2475,2407,2475,459,1948,710,215,977,1594,2008,10133907,1,11.133676092544988,0.5745501285347043,75,1,0,0,21-30,3
203524,Solomon Hill,MIA,6-6,226,6,2094,358,171,7882.0,723,288,0.396381,0.338028,0.8,1824,852,1149,568,238,911,246,84,329,625,2013,13290395,0,5.849162011173185,0.4776536312849162,78,1,0,0,21-30,3
1629658,Jaylen Hoard,POR,6-8,216,0,38,13,0,103.0,15,0,0.46875,0.0,0.615384,32,3,32,4,14,18,5,0,4,12,2019,79568,0,2.923076923076923,0.0,80,0,0,1,Undrafted,8
1628988,Aaron Holiday,IND,6-0,185,1,836,107,25,1980.0,305,123,0.407209,0.3773,0.844262,749,326,197,276,26,171,65,26,114,172,2018,2239200,1,7.813084112149533,0.2336448598130841,72,1,0,0,21-30,3
201950,Jrue Holiday,NOP,6-3,205,10,11224,707,634,23507.0,4430,920,0.452456,0.354938,0.776761,9791,2592,2767,4529,610,2157,1056,360,1939,1620,2009,26131111,1,15.875530410183876,0.8967468175388967,75,1,0,0,11-20,2
203200,Justin Holiday,IND,6-6,180,6,3437,421,164,9679.0,1205,615,0.397296,0.361764,0.825651,3033,1700,1220,607,158,1062,415,175,380,646,2012,4767000,0,8.163895486935868,0.38954869358669836,78,0,0,1,Undrafted,8
1626178,Rondae Hollis-Jefferson,TOR,6-6,217,4,2690,286,152,6530.0,979,43,0.447849,0.21393,0.738478,2186,201,1629,550,421,1208,274,157,380,595,2015,2500000,0,9.405594405594405,0.5314685314685315,78,1,0,0,21-30,3
1626158,Richaun Holmes,SAC,6-10,235,4,2229,265,57,4950.0,911,39,0.5836,0.256578,0.724409,1561,152,1313,251,446,867,162,258,213,671,2015,4767000,1,8.41132075471698,0.21509433962264152,82,0,1,0,31-40,4
203918,Rodney Hood,POR,6-8,208,5,4247,341,248,9325.0,1536,583,0.425956,0.372286,0.838526,3606,1566,980,645,120,860,262,67,379,750,2014,5718000,1,12.454545454545455,0.7272727272727273,80,1,0,0,21-30,3
201143,Al Horford,PHI,6-9,240,12,11794,845,838,27604.0,4959,450,0.519484,0.36,0.754098,9546,1250,7000,2786,1785,5215,688,1000,1327,1928,2007,28000000,1,13.957396449704142,0.991715976331361,81,1,0,0,1-10,1
1629659,Talen Horton-Tucker,LAL,6-4,234,0,0,2,0,5.0,0,0,0.0,0.0,0.0,1,1,0,2,0,0,1,0,0,0,2019,898310,1,0.0,0.0,76,0,1,0,41-50,5
2730,Dwight Howard,LAL,6-10,265,15,18582,1106,1045,37177.0,6725,9,0.586107,0.132352,0.56514,11474,68,13641,1577,3827,9814,1013,2127,3132,3575,2004,5603850,0,16.801084990958408,0.9448462929475587,82,1,0,0,1-10,1
1629739,William Howard,HOU,6-8,207,0,0,2,0,13.0,0,0,0.0,0.0,0.0,4,4,2,1,0,2,0,0,1,1,2019,129568,0,0.0,0.0,80,0,0,1,Undrafted,8
1628989,Kevin Huerter,ATL,6-7,190,1,1403,130,106,3779.0,523,263,0.415739,0.385065,0.783333,1258,683,471,420,95,376,115,51,196,291,2018,2636280,1,10.792307692307693,0.8153846153846154,79,1,0,0,11-20,2
1629631,De'Andre Hunter,ATL,6-7,225,0,763,62,61,1982.0,275,105,0.409836,0.35117,0.760563,671,299,280,111,42,238,44,18,102,180,2019,7068360,1,12.306451612903226,0.9838709677419355,79,1,0,0,1-10,1
1628990,Chandler Hutchison,CHI,6-7,210,1,447,72,24,1421.0,176,26,0.458333,0.295454,0.594827,384,88,293,60,49,244,50,13,52,106,2018,2332320,1,6.208333333333333,0.3333333333333333,79,1,0,0,21-30,3
201586,Serge Ibaka,TOR,7-0,235,10,10099,803,646,23002.0,4195,528,0.514471,0.361396,0.759974,8154,1461,5906,618,1734,4172,347,1668,1080,2264,2009,23271604,0,12.576587795765878,0.8044831880448319,84,1,0,0,21-30,3
2738,Andre Iguodala,MIA,6-6,215,15,13514,1121,779,37276.0,4866,997,0.465735,0.333556,0.709373,10448,2989,5681,4844,1049,4632,1670,567,2126,2036,2004,17185185,1,12.055307760927743,0.6949152542372882,78,1,0,0,1-10,1
101141,Ersan Ilyasova,MIL,6-9,235,11,8267,801,423,18720.0,3093,861,0.443758,0.365605,0.775588,6970,2355,4606,902,1388,3218,549,287,782,1957,2006,7000000,1,10.320848938826467,0.5280898876404494,81,0,1,0,31-40,4
204060,Joe Ingles,UTA,6-7,220,5,3877,470,260,11948.0,1387,792,0.44598,0.40657,0.747596,3110,1948,1517,1695,146,1371,468,71,746,878,2014,11454546,1,8.248936170212765,0.5531914893617021,79,0,0,1,Undrafted,8
1627742,Brandon Ingram,NOP,6-7,190,3,3997,246,207,7933.0,1465,264,0.460402,0.356756,0.720179,3182,740,1247,791,207,1040,179,147,568,632,2016,7265485,1,16.247967479674795,0.8414634146341463,79,1,0,0,1-10,1
202681,Kyrie Irving,BKN,6-2,195,8,11842,528,528,17827.0,4346,1119,0.465709,0.389895,0.876943,9332,2870,1955,3013,407,1548,699,187,1394,1171,2011,31742000,1,22.428030303030305,1.0,74,1,0,0,1-10,1
1628371,Jonathan Isaac,ORL,6-11,230,2,1249,134,106,3480.0,466,132,0.432282,0.327543,0.793991,1078,403,732,142,172,560,142,206,149,270,2017,5806440,1,9.32089552238806,0.7910447761194029,83,1,0,0,1-10,1
1628402,Frank Jackson,NOP,6-3,205,1,780,112,17,1825.0,293,92,0.416193,0.318339,0.744525,704,289,205,110,44,161,40,6,91,159,2017,1618520,0,6.964285714285714,0.15178571428571427,75,0,1,0,31-40,4
1628367,Josh Jackson,MEM,6-8,207,2,2095,173,64,4284.0,798,151,0.415625,0.295499,0.652908,1920,511,755,329,172,583,171,100,340,461,2017,7059480,0,12.109826589595375,0.3699421965317919,80,1,0,0,1-10,1
1628382,Justin Jackson,DAL,6-7,220,2,1363,205,57,4024.0,525,189,0.434243,0.326989,0.779874,1209,578,537,215,97,440,72,36,81,237,2017,3280920,1,6.648780487804878,0.2780487804878049,79,1,0,0,11-20,2
202704,Reggie Jackson,LAC,6-3,208,8,7113,552,343,13914.0,2647,644,0.427556,0.335591,0.857038,6191,1919,1634,2427,302,1332,387,65,1064,1075,2011,17799677,0,12.88586956521739,0.6213768115942029,75,1,0,0,21-30,3
1629713,Justin James,SAC,6-7,190,0,85,34,0,218.0,33,9,0.423076,0.346153,0.47619,78,26,30,16,6,24,6,9,8,16,2019,898310,1,2.5,0.0,79,0,1,0,31-40,4
2544,LeBron James,LAL,6-9,250,16,34058,1257,1256,48293.0,12412,1856,0.503897,0.343703,0.734933,24632,5400,9341,9289,1501,7840,2010,951,4399,2312,2003,37436858,1,27.09466984884646,0.9992044550517104,81,1,0,0,1-10,1
1629610,DaQuan Jeffries,SAC,6-5,230,0,7,6,0,19.0,3,1,0.428571,0.25,0.0,7,4,1,1,1,0,1,0,0,3,2019,898310,0,1.1666666666666667,0.0,77,0,0,1,Undrafted,8
1629660,Ty Jerome,PHX,6-5,195,0,98,27,0,300.0,37,13,0.359223,0.288888,0.785714,103,45,40,42,6,34,14,3,18,27,2019,2193480,1,3.6296296296296298,0.0,77,1,0,0,21-30,3
1628993,Alize Johnson,IND,6-7,212,1,31,27,0,118.0,11,1,0.354838,0.5,0.571428,31,2,37,3,11,26,1,3,3,13,2018,1416852,0,1.1481481481481481,0.0,79,0,1,0,41-50,5
1629168,BJ Johnson,ORL,6-7,200,1,36,15,0,96.0,14,4,0.388888,0.307692,1.0,36,13,14,2,3,11,4,0,5,4,2018,79568,0,2.4,0.0,79,0,0,1,Undrafted,8
1629661,Cameron Johnson,PHX,6-8,210,0,398,49,1,996.0,136,91,0.418461,0.397379,0.760869,325,229,140,52,39,101,30,16,29,72,2019,4033440,1,8.122448979591837,0.02040816326530612,80,1,0,0,11-20,2
201949,James Johnson,MIN,6-7,240,10,5039,633,220,13056.0,1985,322,0.476819,0.309021,0.692949,4163,1042,2278,1352,515,1763,495,570,926,1419,2009,15349400,1,7.960505529225909,0.34755134281200634,79,1,0,0,11-20,2
1629640,Keldon Johnson,SAS,6-5,220,0,39,8,0,79.0,15,2,0.535714,0.4,0.7,28,5,15,5,3,12,4,1,3,7,2019,1950600,1,4.875,0.0,77,1,0,0,21-30,3
1626169,Stanley Johnson,TOR,6-6,242,4,2008,305,64,6255.0,743,239,0.372244,0.291108,0.764864,1996,821,986,431,164,822,270,66,351,592,2015,3623000,1,6.583606557377049,0.2098360655737705,78,1,0,0,1-10,1
203999,Nikola Jokic,DEN,7-0,284,4,6305,372,331,10784.0,2426,338,0.524087,0.339017,0.825314,4629,997,3596,2024,969,2627,415,264,930,1059,2015,27504630,1,16.948924731182796,0.8897849462365591,84,0,1,0,41-50,5
1627745,Damian Jones,ATL,6-11,245,3,480,104,49,1470.0,193,2,0.665517,0.222222,0.67647,290,9,318,65,119,199,40,72,54,241,2016,2305057,1,4.615384615384615,0.47115384615384615,83,1,0,0,21-30,3
1626145,Tyus Jones,MEM,6-0,196,4,1724,311,40,5586.0,661,173,0.431462,0.345309,0.803508,1532,501,483,1107,65,418,313,25,231,313,2015,9258000,1,5.543408360128617,0.12861736334405144,72,1,0,0,21-30,3
201599,DeAndre Jordan,BKN,6-11,265,11,8293,874,712,24299.0,3333,1,0.669546,0.090909,0.47419,4978,11,9439,817,2797,6642,508,1401,1209,2294,2008,9881598,1,9.488558352402746,0.8146453089244852,83,0,1,0,31-40,4
202709,Cory Joseph,SAC,6-3,200,8,4070,592,117,12894.0,1599,284,0.441346,0.331002,0.765625,3623,858,1526,1703,298,1228,452,132,584,894,2011,12000000,1,6.875,0.19763513513513514,75,1,0,0,21-30,3
1629662,Mfiondu Kabengele,LAC,6-9,250,0,42,12,0,64.0,14,9,0.4375,0.45,1.0,32,20,11,2,1,10,2,2,2,9,2019,1977000,1,3.5,0.0,81,1,0,0,21-30,3
1626163,Frank Kaminsky,PHX,7-0,240,4,3110,314,36,6969.0,1107,377,0.422519,0.348751,0.748917,2620,1081,1280,523,241,1039,145,118,274,497,2015,4767000,1,9.904458598726114,0.11464968152866242,84,1,0,0,1-10,1
202683,Enes Kanter,BOS,6-10,250,8,7360,633,222,13825.0,3012,43,0.542116,0.286666,0.776576,5556,150,4823,538,1853,2970,256,297,973,1381,2011,4767000,1,11.627172195892575,0.35071090047393366,82,1,0,0,1-10,1
1628379,Luke Kennard,DET,6-5,206,2,1613,164,44,3821.0,585,260,0.440844,0.401854,0.863207,1327,647,457,353,42,415,82,29,169,243,2017,3827160,1,9.835365853658537,0.2682926829268293,77,1,0,0,11-20,2
203077,Michael Kidd-Gilchrist,DAL,6-6,232,7,3742,442,356,10929.0,1459,28,0.473855,0.271844,0.715184,3079,103,2408,514,701,1707,296,303,397,951,2012,12784359,0,8.46606334841629,0.8054298642533937,78,1,0,0,1-10,1
1629663,Louis King,DET,6-7,205,0,20,10,0,62.0,8,4,0.380952,0.363636,0.0,21,11,10,5,1,9,2,0,2,10,2019,79568,0,2.0,0.0,79,0,0,1,Undrafted,8
1628467,Maxi Kleber,DAL,6-10,240,2,1448,207,73,4334.0,529,219,0.464442,0.354368,0.802816,1139,618,909,194,260,649,82,203,130,404,2017,8000000,1,6.995169082125604,0.3526570048309179,82,0,0,1,Undrafted,8
202688,Brandon Knight,DET,6-2,182,7,6263,445,348,13105.0,2249,710,0.411377,0.353938,0.806574,5467,2006,1372,1763,235,1137,385,75,1083,880,2011,15643750,0,14.074157303370786,0.7820224719101123,74,1,0,0,1-10,1
1629723,John Konchar,MEM,6-5,210,0,49,14,0,158.0,22,4,0.647058,0.444444,0.5,34,9,46,19,18,28,7,3,6,6,2019,79568,0,3.5,0.0,77,0,0,1,Undrafted,8
1627788,Furkan Korkmaz,PHI,6-7,202,2,908,125,19,2136.0,323,175,0.414102,0.369198,0.756521,780,474,262,124,34,228,67,18,78,161,2017,1620564,1,7.264,0.152,79,1,0,0,21-30,3
1628436,Luke Kornet,CHI,7-2,250,2,671,102,33,1669.0,238,129,0.4,0.339473,0.77647,595,380,283,112,61,222,44,84,51,123,2017,2250000,1,6.578431372549019,0.3235294117647059,86,0,0,1,Undrafted,8
2594,Kyle Korver,MIL,6-7,212,16,11903,1224,422,31056.0,4088,2437,0.442232,0.428671,0.876358,9244,5685,3625,2107,344,3281,799,403,1284,2512,2003,6004753,0,9.72467320261438,0.34477124183006536,79,0,1,0,51-60,6
1629066,Rodions Kurucs,BKN,6-9,228,1,696,102,50,1794.0,262,83,0.449399,0.333333,0.741666,583,249,343,85,74,269,58,28,112,212,2018,1699236,1,6.823529411764706,0.49019607843137253,81,0,1,0,31-40,4
1628398,Kyle Kuzma,LAL,6-8,221,2,3210,200,112,6019.0,1212,357,0.448059,0.327522,0.732081,2705,1090,1102,387,196,906,110,81,355,432,2017,1974600,1,16.05,0.56,80,1,0,0,21-30,3
203897,Zach LaVine,CHI,6-6,200,5,6240,353,266,10857.0,2250,646,0.446871,0.375363,0.818862,5035,1721,1279,1275,163,1116,336,95,897,781,2014,19500000,1,17.677053824362606,0.7535410764872521,78,1,0,0,11-20,2
1627746,Skal Labissiere,ATL,6-10,235,3,1069,148,43,2595.0,429,30,0.491972,0.352941,0.747933,872,85,661,152,223,438,53,99,151,314,2016,2338846,1,7.222972972972973,0.2905405405405405,82,1,0,0,21-30,3
203087,Jeremy Lamb,IND,6-5,180,7,5032,481,128,10196.0,1874,494,0.444286,0.339052,0.851293,4218,1457,1788,770,252,1536,352,173,407,793,2012,10500000,1,10.461538461538462,0.2661122661122661,77,1,0,0,11-20,2
1629641,Romeo Langford,BOS,6-4,216,0,69,26,1,288.0,24,5,0.4,0.227272,0.695652,60,22,31,6,13,18,8,6,9,28,2019,3458400,1,2.6538461538461537,0.038461538461538464,76,1,0,0,11-20,2
1629724,Vic Law,ORL,6-7,201,0,0,5,0,9.0,0,0,0.0,0.0,0.0,3,1,1,0,0,1,0,0,0,0,2019,79568,0,0.0,0.0,79,0,0,1,Undrafted,8
1627774,Jake Layman,MIN,6-8,209,3,854,163,37,2224.0,334,99,0.45504,0.307453,0.719008,734,322,311,90,80,231,63,47,84,193,2016,3581986,1,5.2392638036809815,0.22699386503067484,80,0,1,0,41-50,5
1627747,Caris LeVert,BKN,6-6,205,3,2543,206,85,5257.0,942,261,0.430727,0.341623,0.710714,2187,764,751,720,149,602,215,50,378,399,2016,2625717,1,12.344660194174757,0.41262135922330095,78,1,0,0,11-20,2
1628388,TJ Leaf,IND,6-10,222,2,453,136,2,1174.0,193,31,0.497422,0.356321,0.610169,388,87,271,39,93,178,22,26,29,98,2017,2813280,1,3.3308823529411766,0.014705882352941176,82,1,0,0,11-20,2
1629665,Jalen Lecque,PHX,6-4,185,0,10,4,0,26.0,4,0,0.4,0.0,1.0,10,4,0,2,0,0,0,0,1,2,2019,898310,1,2.5,0.0,76,0,0,1,Undrafted,8
201584,Courtney Lee,DAL,6-5,215,11,7756,809,516,21897.0,2958,875,0.450914,0.387511,0.852473,6560,2258,2126,1352,364,1762,807,212,762,1337,2008,12759670,0,9.587144622991348,0.6378244746600742,77,1,0,0,21-30,3
1627814,Damion Lee,GSW,6-5,210,2,932,95,46,2171.0,329,125,0.419642,0.345303,0.851428,784,362,369,172,51,318,81,7,91,167,2017,842327,1,9.810526315789474,0.4842105263157895,77,0,0,1,Undrafted,8
203458,Alex Len,SAC,7-0,250,6,3683,461,180,9095.0,1408,94,0.494729,0.329824,0.690178,2846,285,2893,392,943,1950,190,459,572,1225,2013,4160000,0,7.989154013015185,0.39045553145336226,84,1,0,0,1-10,1
202695,Kawhi Leonard,LAC,6-7,225,8,9597,517,490,16022.0,3456,746,0.490839,0.380806,0.854185,7041,1959,3319,1372,639,2680,919,344,819,889,2011,32742000,1,18.562862669245646,0.9477756286266924,79,1,0,0,11-20,2
203086,Meyers Leonard,MIA,7-0,260,7,2483,442,91,7081.0,952,322,0.483494,0.391727,0.813291,1969,822,1718,391,318,1400,82,127,303,956,2012,11286515,0,5.617647058823529,0.20588235294117646,84,1,0,0,11-20,2
203081,Damian Lillard,POR,6-2,195,7,14561,606,606,22004.0,4800,1727,0.436086,0.371158,0.888705,11007,4653,2534,3925,377,2157,589,190,1681,1210,2012,29802321,1,24.028052805280527,1.0,74,1,0,0,1-10,1
1629642,Nassir Little,POR,6-5,220,0,170,47,5,571.0,65,14,0.436241,0.241379,0.619047,149,58,107,22,31,76,13,14,15,72,2019,2105520,1,3.617021276595745,0.10638297872340426,77,1,0,0,21-30,3
1626172,Kevon Looney,GSW,6-9,222,4,979,224,36,3121.0,418,6,0.570259,0.15,0.600877,733,40,832,214,353,479,107,132,112,417,2015,4464286,1,4.370535714285714,0.16071428571428573,81,1,0,0,21-30,3
201572,Brook Lopez,MIL,7-0,282,11,13084,778,740,23798.0,5012,520,0.49389,0.337881,0.792017,10148,1539,4967,1185,1635,3332,452,1398,1398,2104,2008,12093024,1,16.817480719794343,0.9511568123393316,84,1,0,0,1-10,1
201577,Robin Lopez,MIL,7-0,281,11,7273,826,584,18511.0,3040,44,0.529247,0.299319,0.75098,5744,147,4191,683,1908,2283,199,968,908,1616,2008,4767000,1,8.805084745762711,0.7070217917675545,84,1,0,0,11-20,2
201567,Kevin Love,CLE,6-8,251,11,12976,712,629,22765.0,4275,1221,0.442684,0.371237,0.828165,9657,3289,7936,1689,1972,5964,485,322,1408,1498,2008,28942830,1,18.224719101123597,0.8834269662921348,80,1,0,0,1-10,1
200768,Kyle Lowry,TOR,6-0,196,13,13381,908,672,28684.0,4289,1685,0.423145,0.366145,0.809029,10136,4602,3905,5623,734,3171,1226,263,2101,2468,2006,33296296,1,14.736784140969164,0.7400881057268722,72,1,0,0,21-30,3
1626168,Trey Lyles,SAS,6-9,234,4,2588,350,93,6290.0,975,309,0.432564,0.339187,0.707526,2254,911,1477,373,276,1201,139,122,296,511,2015,5500000,1,7.394285714285714,0.26571428571428574,81,1,0,0,11-20,2
101133,Ian Mahinmi,WAS,6-11,262,11,3209,618,133,10351.0,1201,8,0.53283,0.16,0.61226,2254,50,2705,357,937,1768,357,443,601,1635,2007,15450051,0,5.192556634304207,0.215210355987055,83,1,0,0,21-30,3
1627748,Thon Maker,DET,7-0,221,3,1173,254,64,3532.0,410,128,0.432033,0.327365,0.673652,949,391,705,156,208,497,94,168,139,449,2016,3569643,1,4.618110236220472,0.25196850393700787,84,1,0,0,1-10,1
1629611,Terance Mann,LAC,6-5,215,0,56,35,6,271.0,22,3,0.407407,0.25,0.75,54,12,33,38,4,29,8,5,14,36,2019,1000000,1,1.6,0.17142857142857143,77,0,1,0,41-50,5
1626246,Boban Marjanovic,DAL,7-4,290,4,1342,221,18,2116.0,498,8,0.578397,0.32,0.769931,861,25,868,118,298,570,49,80,157,264,2015,3500000,1,6.072398190045249,0.08144796380090498,88,0,0,1,Undrafted,8
1628374,Lauri Markkanen,CHI,7-0,240,2,2729,169,168,5167.0,961,371,0.429977,0.356388,0.848249,2235,1041,1287,228,211,1076,117,96,247,318,2017,5300400,1,16.14792899408284,0.9940828402366864,84,1,0,0,1-10,1
1628997,Caleb Martin,CHA,6-5,205,0,92,17,1,282.0,33,17,0.458333,0.548387,0.692307,72,31,31,20,9,22,8,7,14,32,2019,898310,1,5.411764705882353,0.058823529411764705,77,0,0,1,Undrafted,8
1628998,Cody Martin,CHA,6-5,205,0,232,47,2,870.0,86,18,0.425742,0.236842,0.646153,202,76,150,93,36,114,38,8,42,76,2019,1173310,1,4.9361702127659575,0.0425531914893617,77,0,1,0,31-40,4
1629725,Jeremiah Martin,BKN,6-2,185,0,2,3,0,16.0,1,0,0.2,0.0,0.0,5,1,2,2,0,2,1,1,0,0,2019,79568,0,0.6666666666666666,0.0,74,0,0,1,Undrafted,8
1629103,Kelan Martin,MIN,6-5,230,0,197,31,4,495.0,71,25,0.392265,0.260416,0.967741,181,96,96,23,12,84,7,9,20,51,2019,79568,0,6.354838709677419,0.12903225806451613,77,0,0,1,Undrafted,8
1628412,Frank Mason,MIL,5-11,190,2,622,96,2,1472.0,220,47,0.387323,0.29375,0.767045,568,160,181,242,39,142,52,14,107,110,2017,79568,0,6.479166666666667,0.020833333333333332,71,0,1,0,31-40,4
1629726,Garrison Mathews,WAS,6-5,215,0,93,17,0,219.0,23,18,0.433962,0.40909,0.90625,53,44,24,10,6,18,8,1,8,30,2019,79568,0,5.470588235294118,0.0,77,0,0,1,Undrafted,8
202083,Wesley Matthews,MIL,6-4,220,10,10366,786,725,25108.0,3546,1656,0.423504,0.380952,0.823828,8373,4347,2400,1695,404,1996,827,155,999,1706,2009,2564753,1,13.188295165394402,0.9223918575063613,76,0,0,1,Undrafted,8
1627775,Patrick McCaw,TOR,6-7,181,3,755,194,43,3341.0,291,92,0.418705,0.304635,0.778846,695,302,316,266,63,253,137,31,123,227,2016,4000000,1,3.8917525773195876,0.22164948453608246,79,0,1,0,31-40,4
203468,CJ McCollum,POR,6-3,190,6,8701,472,375,14517.0,3344,995,0.454656,0.397522,0.826969,7355,2503,1538,1460,284,1254,403,176,824,1019,2013,27556959,1,18.434322033898304,0.7944915254237288,75,1,0,0,1-10,1
1629667,Jalen McDaniels,CHA,6-10,205,0,84,15,0,264.0,32,8,0.477611,0.347826,0.8,67,23,59,11,15,44,8,3,8,34,2019,898310,1,5.6,0.0,82,0,1,0,51-60,6
203926,Doug McDermott,IND,6-7,225,5,3302,403,14,8039.0,1241,494,0.464968,0.413389,0.825316,2669,1195,882,339,143,739,77,40,246,567,2014,7333333,1,8.193548387096774,0.034739454094292806,79,1,0,0,11-20,2
201580,JaVale McGee,LAL,7-0,270,11,5483,693,309,12008.0,2348,5,0.574785,0.151515,0.591975,4085,33,3570,274,1297,2273,280,1074,660,1504,2008,4000000,1,7.911976911976912,0.4458874458874459,84,1,0,0,11-20,2
203585,Rodney McGruder,LAC,6-4,205,3,1246,211,115,4543.0,472,189,0.411867,0.339317,0.638418,1146,557,650,283,190,460,112,41,145,342,2016,4807693,1,5.9052132701421804,0.5450236966824644,76,0,0,1,Undrafted,8
1628035,Alfonzo McKinnie,CLE,6-7,215,2,534,125,6,1627.0,213,59,0.469162,0.310526,0.6125,454,190,364,46,116,248,41,23,58,212,2017,2391985,1,4.272,0.048,79,0,0,1,Undrafted,8
1629162,Jordan McLaughlin,MIN,5-11,185,0,224,29,2,571.0,85,29,0.488505,0.386666,0.675675,174,75,47,122,6,41,34,4,31,31,2019,79568,0,7.724137931034483,0.06896551724137931,71,0,0,1,Undrafted,8
203463,Ben McLemore,HOU,6-3,195,6,3852,430,253,10152.0,1382,591,0.420188,0.362354,0.780219,3289,1631,1048,460,194,854,285,83,507,958,2013,2028594,1,8.95813953488372,0.5883720930232558,75,1,0,0,1-10,1
203895,Jordan McRae,DET,6-5,179,3,836,122,9,1670.0,298,83,0.419127,0.359307,0.769607,711,231,218,164,34,184,45,30,87,146,2015,1254933,0,6.852459016393443,0.07377049180327869,77,0,1,0,51-60,6
1629740,Nicolo Melli,NOP,6-9,236,0,355,52,6,889.0,123,65,0.442446,0.361111,0.733333,278,180,157,67,37,120,30,19,42,105,2019,4102564,1,6.826923076923077,0.11538461538461539,81,0,0,1,Undrafted,8
1629001,De'Anthony Melton,MEM,6-2,200,1,663,101,38,1968.0,245,65,0.409015,0.315533,0.80597,599,206,320,310,60,260,132,40,153,204,2018,1416852,0,6.564356435643564,0.37623762376237624,74,0,1,0,41-50,5
1629002,Chimezie Metu,SAS,6-9,225,1,97,45,0,218.0,39,0,0.419354,0.0,0.76,93,3,62,19,19,43,7,6,20,18,2018,1416852,1,2.1555555555555554,0.0,81,0,1,0,41-50,5
203114,Khris Middleton,MIL,6-7,222,7,8288,510,435,16083.0,3024,889,0.457557,0.392148,0.874433,6609,2267,2363,1693,302,2061,642,96,970,1326,2012,30603448,1,16.250980392156862,0.8529411764705882,79,0,1,0,31-40,4
203121,Darius Miller,NOP,6-6,225,5,1524,253,28,5162.0,523,327,0.417731,0.382009,0.82967,1252,856,423,346,49,374,110,61,163,510,2012,7250000,1,6.023715415019763,0.11067193675889328,78,0,1,0,41-50,5
1626259,Malcolm Miller,TOR,6-7,210,2,96,50,5,318.0,32,24,0.410256,0.393442,0.571428,78,61,34,12,6,28,6,5,9,27,2017,1588231,0,1.92,0.1,79,0,0,1,Undrafted,8
200794,Paul Millsap,DEN,6-7,257,13,13845,988,701,28761.0,5191,476,0.490642,0.342446,0.737166,10580,1390,7256,2235,2214,5042,1259,993,1748,3043,2006,30350000,0,14.013157894736842,0.7095141700404858,79,0,1,0,41-50,5
1629003,Shake Milton,PHI,6-5,205,1,378,51,15,852.0,137,61,0.467576,0.417808,0.767857,293,146,103,85,20,83,26,14,42,95,2018,1445697,1,7.411764705882353,0.29411764705882354,77,0,1,0,51-60,6
1628378,Donovan Mitchell,UTA,6-1,215,2,4970,219,211,7402.0,1816,531,0.440029,0.354709,0.820956,4127,1497,888,877,155,733,290,70,600,575,2017,3635760,1,22.69406392694064,0.9634703196347032,73,1,0,0,11-20,2
1629690,Adam Mokoka,CHI,6-5,190,0,32,11,0,112.0,12,6,0.428571,0.4,0.5,28,15,10,4,7,3,4,0,2,17,2019,79568,0,2.909090909090909,0.0,77,0,0,1,Undrafted,8
1628370,Malik Monk,CHA,6-3,200,2,1638,191,1,3281.0,592,250,0.394929,0.32175,0.85,1499,777,360,322,51,309,82,44,212,240,2017,4028400,1,8.575916230366492,0.005235602094240838,75,1,0,0,11-20,2
1629760,Matt Mooney,CLE,6-2,199,0,2,3,0,6.0,1,0,0.5,0.0,0.0,2,1,1,1,0,1,1,1,0,1,2019,79568,0,0.6666666666666666,0.0,74,0,0,1,Undrafted,8
202734,E'Twaun Moore,NOP,6-3,191,8,4581,566,189,12113.0,1860,542,0.45499,0.389928,0.73672,4088,1390,1155,1010,266,889,376,125,509,911,2011,8664928,0,8.093639575971732,0.3339222614840989,75,0,1,0,51-60,6
1629630,Ja Morant,MEM,6-3,174,0,1020,58,58,1736.0,386,50,0.492346,0.373134,0.770428,784,134,204,404,43,161,53,15,186,86,2019,8730240,1,17.586206896551722,1.0,75,1,0,0,1-10,1
1629752,Juwan Morgan,UTA,6-7,232,0,19,16,0,74.0,9,1,0.529411,0.2,0.0,17,5,19,2,5,14,0,1,3,7,2019,746054,1,1.1875,0.0,79,0,0,1,Undrafted,8
202693,Markieff Morris,LAL,6-8,245,8,7250,630,347,16131.0,2797,522,0.448596,0.344554,0.778311,6235,1515,3378,1053,796,2582,546,346,1010,1812,2011,3709887,0,11.507936507936508,0.5507936507936508,80,1,0,0,11-20,2
1628420,Monte Morris,DEN,6-2,183,2,1407,149,14,3380.0,571,147,0.48145,0.398373,0.813793,1186,369,308,533,55,253,128,20,98,167,2017,1588231,1,9.442953020134228,0.09395973154362416,74,0,1,0,51-60,6
1628405,Johnathan Motley,LAC,6-8,230,2,226,46,4,373.0,90,2,0.552147,0.2,0.586666,163,10,110,26,35,75,11,5,30,51,2017,79568,0,4.913043478260869,0.08695652173913043,80,0,0,1,Undrafted,8
1626144,Emmanuel Mudiay,UTA,6-3,200,4,3252,294,164,7077.0,1207,273,0.400863,0.323459,0.743421,3011,844,873,1130,137,736,209,88,658,483,2015,1737145,0,11.061224489795919,0.5578231292517006,75,1,0,0,1-10,1
1627749,Dejounte Murray,SAS,6-4,180,2,1403,177,106,3512.0,575,52,0.455625,0.353741,0.73897,1262,147,836,516,183,653,205,53,280,308,2016,2321735,1,7.926553672316384,0.5988700564971752,76,1,0,0,21-30,3
1627750,Jamal Murray,DEN,6-4,215,3,4538,292,217,8542.0,1662,534,0.438638,0.359112,0.881971,3789,1487,1039,1068,230,809,260,95,563,545,2016,4444746,1,15.54109589041096,0.7431506849315068,76,1,0,0,1-10,1
1629058,Dzanan Musa,BKN,6-9,217,1,167,44,0,444.0,59,16,0.366459,0.213333,0.717391,161,75,76,33,20,56,15,1,33,26,2018,1911600,1,3.7954545454545454,0.0,81,1,0,0,21-30,3
203488,Mike Muscala,OKC,6-10,240,6,1946,348,28,5377.0,712,261,0.460841,0.364016,0.839228,1545,717,1096,322,309,787,123,173,219,511,2013,2028594,1,5.591954022988506,0.08045977011494253,82,0,1,0,41-50,5
1627846,Abdel Nader,OKC,6-5,225,2,674,157,7,1971.0,241,94,0.412671,0.348148,0.715328,584,270,277,81,41,236,55,42,96,178,2017,1618520,1,4.292993630573249,0.044585987261146494,77,0,1,0,51-60,6
203894,Shabazz Napier,WAS,6-0,175,5,2361,339,52,5838.0,784,337,0.396159,0.345641,0.812834,1979,975,643,834,103,540,280,46,431,393,2014,1845301,0,6.964601769911504,0.15339233038348082,72,1,0,0,21-30,3
203526,Raul Neto,PHI,6-1,180,4,1167,248,57,3381.0,443,141,0.444779,0.380053,0.786516,996,371,313,453,45,268,132,20,237,300,2015,1737145,0,4.705645161290323,0.22983870967741934,73,0,1,0,41-50,5
1627777,Georges Niang,UTA,6-7,230,3,601,149,0,1413.0,219,121,0.444219,0.395424,0.84,493,306,222,78,28,194,28,11,57,127,2016,1645357,1,4.033557046979865,0.0,79,0,1,0,41-50,5
203457,Nerlens Noel,OKC,6-10,220,5,2869,355,166,7864.0,1183,2,0.541666,0.285714,0.648124,2184,7,2211,418,689,1522,469,492,483,894,2013,1882867,0,8.08169014084507,0.4676056338028169,82,1,0,0,1-10,1
1629669,Jaylen Nowell,MIN,6-4,201,0,57,14,0,146.0,19,3,0.365384,0.12,0.941176,52,25,11,18,3,8,3,1,3,11,2019,1400000,1,4.071428571428571,0.0,76,0,1,0,41-50,5
1628373,Frank Ntilikina,NYK,6-4,200,2,1038,176,51,3743.0,401,123,0.364877,0.306733,0.77931,1099,401,379,531,71,308,146,48,256,418,2017,4855800,1,5.8977272727272725,0.2897727272727273,76,1,0,0,1-10,1
1629134,Kendrick Nunn,MIA,6-2,190,0,946,61,61,1815.0,372,125,0.445508,0.355113,0.836956,835,352,166,207,18,148,51,11,99,140,2018,1416852,1,15.508196721311476,1.0,74,0,0,1,Undrafted,8
203994,Jusuf Nurkic,POR,7-0,290,5,3608,310,229,7103.0,1443,3,0.491485,0.071428,0.666357,2936,42,2480,589,776,1704,261,400,635,956,2014,12000000,1,11.638709677419355,0.7387096774193549,84,1,0,0,11-20,2
1626220,Royce O'Neale,UTA,6-4,226,2,1169,215,75,4683.0,424,192,0.447257,0.380198,0.772455,948,505,860,382,69,791,137,68,175,457,2017,1618520,1,5.437209302325582,0.3488372093023256,76,0,0,1,Undrafted,8
203124,Kyle O'Quinn,PHI,6-9,250,7,2553,468,64,6656.0,1078,31,0.516778,0.224637,0.739393,2086,138,2146,627,626,1520,187,451,456,957,2012,2174318,0,5.455128205128205,0.13675213675213677,81,0,1,0,41-50,5
1628400,Semi Ojeleye,BOS,6-6,240,2,569,189,8,2615.0,196,103,0.392,0.334415,0.685185,500,308,365,74,84,281,49,13,55,196,2017,1618520,1,3.0105820105820107,0.042328042328042326,78,0,1,0,31-40,4
1626143,Jahlil Okafor,NOP,6-10,270,4,2392,218,114,4436.0,1016,4,0.535864,0.235294,0.674242,1896,17,1095,211,352,743,67,187,324,472,2015,1702486,0,10.972477064220184,0.5229357798165137,82,1,0,0,1-10,1
1629059,Elie Okobo,PHX,6-3,190,1,519,106,19,1663.0,186,64,0.394904,0.31527,0.72807,471,203,186,240,28,158,56,11,107,162,2018,1416852,1,4.89622641509434,0.1792452830188679,75,0,1,0,31-40,4
1629006,Josh Okogie,MIN,6-4,213,1,1096,135,79,3269.0,364,101,0.403995,0.273712,0.765042,901,369,482,187,127,355,156,59,149,304,2018,2530680,1,8.118518518518519,0.5851851851851851,76,1,0,0,11-20,2
1629644,KZ Okpala,MIA,6-8,215,0,7,5,0,26.0,3,0,0.6,0.0,0.5,5,1,5,1,1,4,2,1,1,2,2019,898310,1,1.4,0.0,80,0,1,0,31-40,4
203506,Victor Oladipo,IND,6-4,213,6,7180,414,354,13669.0,2645,634,0.440906,0.348351,0.792429,5999,1820,1893,1624,256,1637,690,201,1060,991,2013,21000000,1,17.342995169082126,0.855072463768116,76,1,0,0,1-10,1
203482,Kelly Olynyk,MIA,6-11,240,6,4737,491,100,10432.0,1725,553,0.478236,0.375424,0.772631,3607,1473,2375,915,575,1800,348,218,697,1359,2013,12667885,1,9.64765784114053,0.20366598778004075,83,1,0,0,11-20,2
1629671,Miye Oni,UTA,6-5,206,0,0,5,0,11.0,0,0,0.0,0.0,0.0,2,1,2,0,0,2,0,0,1,0,2019,898310,1,0.0,0.0,77,0,1,0,51-60,6
1626224,Cedi Osman,CLE,6-7,230,2,1938,201,151,4997.0,712,285,0.438693,0.366323,0.715625,1623,778,702,389,100,602,136,29,237,430,2017,2907143,1,9.64179104477612,0.7512437810945274,79,0,1,0,31-40,4
1629745,Tariq Owens,PHX,6-10,205,0,4,3,0,15.0,1,0,0.2,0.0,1.0,5,2,3,0,2,1,1,0,0,1,2019,79568,0,1.3333333333333333,0.0,82,0,0,1,Undrafted,8
203953,Jabari Parker,SAC,6-8,245,5,4208,280,190,8193.0,1699,201,0.491608,0.323671,0.739077,3456,621,1614,585,427,1187,263,111,512,596,2014,6500000,1,15.028571428571428,0.6785714285714286,80,1,0,0,1-10,1
1629672,Eric Paschall,GSW,6-6,255,0,825,59,26,1622.0,314,36,0.5,0.288,0.774038,628,125,273,120,82,191,32,13,94,124,2019,898310,1,13.983050847457626,0.4406779661016949,78,0,1,0,41-50,5
1628394,Anzejs Pasecniks,WAS,7-2,229,0,144,23,0,402.0,56,0,0.528301,0.0,0.615384,106,2,99,17,39,60,8,12,22,64,2019,482144,1,6.260869565217392,0.0,86,1,0,0,21-30,3
202335,Patrick Patterson,LAC,6-8,235,9,4521,672,99,14161.0,1778,576,0.447633,0.368286,0.752417,3972,1564,2692,697,798,1894,353,288,435,1058,2010,3068660,1,6.727678571428571,0.14732142857142858,80,1,0,0,11-20,2
101108,Chris Paul,OKC,6-1,175,14,18711,1013,1013,35353.0,6556,1369,0.470402,0.3695,0.869833,13937,3705,4572,9607,662,3910,2220,131,2441,2481,2005,38506482,1,18.470878578479763,1.0,73,1,0,0,1-10,1
203901,Elfrid Payton,NYK,6-3,195,5,4233,385,329,11297.0,1745,158,0.452658,0.289377,0.625668,3855,546,1696,2549,438,1258,511,135,928,841,2014,8000000,1,10.994805194805195,0.8545454545454545,75,1,0,0,1-10,1
1627780,Gary Payton II,WAS,6-3,195,3,213,60,23,757.0,91,21,0.413636,0.256097,0.454545,220,82,135,86,40,95,45,15,37,92,2016,1052909,0,3.55,0.38333333333333336,75,0,0,1,Undrafted,8
203658,Norvel Pelle,PHI,6-10,231,0,42,20,0,178.0,18,0,0.514285,0.0,0.5,35,0,60,7,16,44,1,25,13,39,2019,350189,1,2.1,0.0,82,0,0,1,Undrafted,8
1629033,Theo Pinson,BKN,6-5,212,1,201,51,0,577.0,70,27,0.307017,0.214285,0.894736,228,126,90,77,14,76,23,4,51,50,2018,1445697,1,3.9411764705882355,0.0,77,0,0,1,Undrafted,8
203486,Mason Plumlee,DEN,6-11,254,6,4369,523,257,11306.0,1716,2,0.574489,0.064516,0.562575,2987,31,3256,1153,1031,2225,395,484,769,1416,2013,14041096,0,8.353728489483748,0.491395793499044,83,1,0,0,21-30,3
1627751,Jakob Poeltl,SAS,7-1,245,3,1461,271,38,4388.0,642,1,0.637537,0.5,0.543209,1007,2,1278,264,525,753,115,272,207,545,2016,3754885,1,5.391143911439114,0.14022140221402213,85,1,0,0,1-10,1
1629738,Vincent Poirier,BOS,7-0,235,0,39,21,0,114.0,16,1,0.484848,0.5,0.857142,33,2,34,7,10,24,2,6,6,23,2019,2505793,1,1.8571428571428572,0.0,84,0,0,1,Undrafted,8
1629673,Jordan Poole,GSW,6-4,194,0,486,56,14,1248.0,161,72,0.327235,0.277992,0.8,492,259,117,131,9,108,34,10,73,94,2019,1964760,1,8.678571428571429,0.25,76,1,0,0,21-30,3
1626171,Bobby Portis,NYK,6-10,250,4,3188,313,54,6393.0,1283,268,0.455449,0.359731,0.754797,2817,745,1864,373,545,1319,158,92,339,577,2015,15000000,1,10.185303514376997,0.17252396166134185,82,1,0,0,21-30,3
204001,Kristaps Porzingis,DAL,7-3,240,3,4284,236,235,7323.0,1541,408,0.433717,0.358523,0.797989,3553,1138,1788,334,392,1396,172,482,414,743,2015,27285000,1,18.152542372881356,0.9957627118644068,87,1,0,0,1-10,1
203939,Dwight Powell,DAL,6-10,240,5,2867,371,88,6956.0,1062,103,0.563395,0.293447,0.73903,1885,351,1711,364,545,1166,251,173,247,782,2014,10259375,1,7.727762803234501,0.2371967654986523,82,0,1,0,41-50,5
1626181,Norman Powell,TOR,6-3,215,4,2531,299,86,5550.0,926,307,0.457283,0.359484,0.815789,2025,854,699,387,95,604,212,70,297,486,2015,10116576,1,8.464882943143813,0.28762541806020064,75,0,1,0,41-50,5
1627752,Taurean Prince,BKN,6-7,218,3,3001,259,200,6827.0,1067,477,0.413245,0.367771,0.81761,2582,1297,1120,503,146,974,237,112,479,561,2016,3481985,1,11.586872586872587,0.7722007722007722,79,1,0,0,11-20,2
203944,Julius Randle,NYK,6-8,250,5,5983,373,293,10870.0,2256,165,0.492899,0.292553,0.722345,4577,564,3359,1040,814,2545,246,177,930,1178,2014,18000000,1,16.040214477211798,0.7855227882037533,80,1,0,0,1-10,1
1629729,Josh Reaves,DAL,6-4,214,0,0,2,0,1.0,0,0,0.0,0.0,0.0,1,0,0,0,0,0,0,0,0,0,2019,79568,0,0.0,0.0,76,0,0,1,Undrafted,8
1629629,Cam Reddish,ATL,6-8,218,0,599,57,34,1516.0,208,82,0.384473,0.334693,0.801587,541,245,210,87,35,175,60,27,93,130,2019,4245720,1,10.508771929824562,0.5964912280701754,80,1,0,0,1-10,1
200755,JJ Redick,NOP,6-3,200,13,11589,890,487,23086.0,3868,1860,0.447892,0.415735,0.891323,8636,4474,1828,1800,167,1661,408,84,994,1357,2006,13486300,1,13.021348314606742,0.547191011235955,75,1,0,0,11-20,2
1629675,Naz Reid,MIN,6-9,264,0,258,29,10,472.0,95,32,0.404255,0.329896,0.705882,235,97,120,32,34,86,18,22,19,79,2019,898310,1,8.89655172413793,0.3448275862068966,81,0,0,1,Undrafted,8
1626196,Josh Richardson,PHI,6-5,200,4,3789,306,235,9395.0,1391,488,0.426164,0.361481,0.814756,3264,1350,984,889,216,768,341,205,444,756,2015,10116576,1,12.382352941176471,0.7679738562091504,77,0,1,0,31-40,4
203085,Austin Rivers,HOU,6-3,200,7,4953,543,149,13305.0,1840,596,0.417233,0.347521,0.639886,4410,1715,1130,1249,188,942,378,100,603,1196,2012,2174310,1,9.121546961325967,0.27440147329650094,75,1,0,0,1-10,1
203460,Andre Roberson,OKC,6-7,210,5,1356,295,269,6651.0,563,108,0.48202,0.256532,0.467432,1168,421,1188,257,348,840,264,195,181,641,2013,10740740,0,4.596610169491526,0.911864406779661,79,1,0,0,21-30,3
1629130,Duncan Robinson,MIA,6-7,215,1,901,79,60,2075.0,301,250,0.465944,0.442477,0.875,646,565,227,94,11,216,38,15,63,188,2018,1416852,1,11.405063291139241,0.759493670886076,79,0,0,1,Undrafted,8
1629010,Jerome Robinson,WAS,6-4,190,1,313,87,3,1054.0,119,49,0.367283,0.308176,0.68421,324,159,146,83,11,135,33,16,47,128,2018,3567720,1,3.5977011494252875,0.034482758620689655,76,1,0,0,11-20,2
1629011,Mitchell Robinson,NYK,7-0,240,1,1049,125,26,2721.0,444,0,0.716129,0.0,0.587591,620,0,842,73,357,485,103,278,72,405,2018,1559712,1,8.392,0.208,84,0,1,0,31-40,4
203922,Glenn Robinson III,PHI,6-6,222,5,1662,278,103,4871.0,639,174,0.459051,0.372591,0.76923,1392,467,718,218,189,529,144,55,142,254,2014,1882867,0,5.9784172661870505,0.37050359712230213,78,0,1,0,31-40,4
1629676,Isaiah Roby,OKC,6-8,230,0,0,3,0,11.0,0,0,0.0,0.0,0.0,1,0,2,0,0,2,0,0,1,1,2019,1500000,1,0.0,0.0,80,0,1,0,41-50,5
200765,Rajon Rondo,LAL,6-1,180,13,8906,872,729,27088.0,3722,381,0.458261,0.316182,0.606281,8122,1205,4130,7213,877,3253,1451,115,2437,1887,2006,2564753,1,10.213302752293577,0.8360091743119266,73,1,0,0,21-30,3
201565,Derrick Rose,DET,6-2,200,11,11185,596,504,19401.0,4375,469,0.456251,0.304347,0.826745,9589,1541,2031,3334,497,1534,450,204,1576,777,2008,7317074,1,18.766778523489933,0.8456375838926175,74,1,0,0,1-10,1
203082,Terrence Ross,ORL,6-6,206,7,6069,554,176,13636.0,2233,1048,0.420606,0.370842,0.824665,5309,2826,1567,608,199,1368,469,184,497,959,2012,12500000,1,10.954873646209386,0.3176895306859206,78,1,0,0,1-10,1
1626179,Terry Rozier,CHA,6-1,190,4,3224,335,93,7598.0,1152,507,0.39398,0.370614,0.812992,2924,1368,1249,890,209,1040,260,62,355,442,2015,19894737,1,9.623880597014926,0.27761194029850744,73,1,0,0,11-20,2
201937,Ricky Rubio,PHX,6-3,190,8,6248,554,533,17136.0,2026,477,0.390667,0.324931,0.838945,5186,1468,2351,4315,372,1979,1047,75,1513,1448,2011,16200000,1,11.277978339350181,0.9620938628158845,75,1,0,0,1-10,1
1626156,D'Angelo Russell,MIN,6-4,193,4,5504,316,268,9170.0,2032,742,0.419574,0.355704,0.772123,4843,2086,1170,1661,178,992,360,79,913,590,2015,27285000,1,17.417721518987342,0.8481012658227848,76,1,0,0,1-10,1
1627734,Domantas Sabonis,IND,6-11,240,3,3502,290,151,7397.0,1390,90,0.521184,0.323741,0.721461,2667,278,2312,747,582,1730,173,124,547,852,2016,3529554,1,12.075862068965517,0.5206896551724138,83,1,0,0,11-20,2
1629677,Luka Samanic,SAS,6-10,227,0,0,1,0,12.0,0,0,0.0,0.0,0.0,4,2,2,3,0,2,0,0,0,0,2019,2689920,1,0.0,0.0,82,1,0,0,11-20,2
203960,JaKarr Sampson,PHI,6-7,214,4,1052,198,88,3090.0,407,57,0.464082,0.252212,0.663003,877,226,517,144,121,396,82,93,165,374,2014,1737145,0,5.313131313131313,0.4444444444444444,79,0,0,1,Undrafted,8
203967,Dario Saric,PHX,6-10,225,3,3601,297,199,7864.0,1296,450,0.436804,0.354051,0.834328,2967,1271,1824,618,478,1346,187,73,500,632,2016,3481985,1,12.124579124579125,0.67003367003367,82,1,0,0,11-20,2
203107,Tomas Satoransky,CHI,6-7,210,3,2026,274,151,6375.0,754,183,0.469781,0.368951,0.817073,1605,496,841,1126,252,589,240,41,370,497,2016,10000000,1,7.394160583941606,0.551094890510949,79,0,1,0,31-40,4
1629678,Admiral Schofield,WAS,6-5,241,0,83,26,2,292.0,30,14,0.4,0.297872,0.692307,75,47,34,14,6,28,8,3,7,41,2019,1000000,1,3.1923076923076925,0.07692307692307693,77,0,1,0,41-50,5
203118,Mike Scott,PHI,6-7,237,7,3469,498,21,8224.0,1337,434,0.457563,0.362876,0.761603,2922,1196,1579,448,357,1222,156,60,336,737,2012,4767000,1,6.965863453815261,0.04216867469879518,79,0,1,0,41-50,5
200757,Thabo Sefolosha,HOU,6-6,215,13,4994,869,475,19060.0,1916,513,0.449343,0.349455,0.731679,4264,1468,3252,1196,626,2626,935,366,755,1418,2006,2564753,0,5.746835443037975,0.5466052934407365,78,1,0,0,11-20,2
1629012,Collin Sexton,CLE,6-1,190,1,2694,146,136,4711.0,1020,216,0.448154,0.392014,0.842307,2276,551,437,430,118,319,108,13,338,327,2018,4764960,1,18.45205479452055,0.9315068493150684,73,1,0,0,1-10,1
1629013,Landry Shamet,LAC,6-4,190,1,1166,125,54,3069.0,384,271,0.427616,0.41248,0.841059,898,657,223,199,27,196,55,19,80,282,2018,1995120,1,9.328,0.432,76,1,0,0,21-30,3
1629621,Marial Shayok,PHI,6-5,198,0,3,2,0,10.0,1,1,0.2,0.333333,0.0,5,3,3,1,0,3,0,0,1,0,2019,79568,0,1.5,0.0,77,0,1,0,51-60,6
1627783,Pascal Siakam,TOR,6-9,230,3,3425,269,175,6968.0,1334,224,0.503776,0.332838,0.765804,2648,673,1497,615,324,1173,214,188,386,667,2016,2351838,1,12.732342007434944,0.6505576208178439,81,1,0,0,21-30,3
1629735,Chris Silva,MIA,6-8,234,0,120,41,0,307.0,43,0,0.623188,0.0,0.693877,69,2,109,21,54,55,9,18,31,80,2019,466918,1,2.926829268292683,0.0,80,0,0,1,Undrafted,8
1627732,Ben Simmons,PHI,6-10,240,2,3518,214,214,7362.0,1445,2,0.561165,0.086956,0.594491,2575,23,1779,1713,425,1354,367,163,744,593,2016,8113929,1,16.439252336448597,1.0,82,1,0,0,1-10,1
1628424,Kobi Simmons,MEM,6-5,180,2,196,33,12,645.0,80,11,0.42328,0.282051,1.0,189,39,50,68,14,36,18,5,44,61,2017,79568,0,5.9393939393939394,0.36363636363636365,77,0,0,1,Undrafted,8
1629014,Anfernee Simons,POR,6-3,181,1,642,84,5,1529.0,238,83,0.406143,0.337398,0.783018,586,246,160,108,28,132,27,10,72,140,2018,2149560,1,7.642857142857143,0.05952380952380952,75,1,0,0,21-30,3
1629346,Alen Smailagic,GSW,6-10,215,0,59,14,0,139.0,20,3,0.5,0.230769,0.842105,40,13,27,13,10,17,3,4,11,14,2019,898310,1,4.214285714285714,0.0,82,0,1,0,31-40,4
203935,Marcus Smart,BOS,6-3,220,5,3872,393,181,11373.0,1290,573,0.373371,0.31798,0.773118,3455,1802,1403,1589,355,1048,615,148,669,1026,2014,12553571,1,9.852417302798981,0.46055979643765904,75,1,0,0,1-10,1
1629015,Zhaire Smith,PHI,6-3,205,1,48,13,2,143.0,17,6,0.377777,0.315789,0.666666,45,19,15,12,3,12,5,2,8,12,2018,3058800,1,3.6923076923076925,0.15384615384615385,75,1,0,0,11-20,2
203503,Tony Snell,DET,6-6,213,6,3227,500,274,11250.0,1175,621,0.427272,0.385714,0.836601,2750,1610,1155,579,138,1017,234,118,288,698,2013,11392857,1,6.454,0.548,78,1,0,0,11-20,2
1629016,Omari Spellman,MIN,6-8,245,1,642,95,14,1691.0,225,87,0.417439,0.365546,0.766423,539,238,413,94,149,264,59,49,85,130,2018,1897800,1,6.757894736842105,0.14736842105263157,80,1,0,0,21-30,3
1629622,Max Strus,CHI,6-5,215,0,5,2,0,6.0,2,0,0.666666,0.0,1.0,3,1,1,0,1,0,0,0,0,1,2019,494568,0,2.5,0.0,77,0,0,1,Undrafted,8
1628410,Edmond Sumner,IND,6-4,196,2,178,48,4,540.0,68,17,0.395348,0.261538,0.641025,172,65,58,48,19,39,27,12,28,60,2017,2000000,1,3.7083333333333335,0.08333333333333333,76,0,1,0,51-60,6
1628403,Caleb Swanigan,POR,6-9,260,2,169,74,4,644.0,70,2,0.4375,0.117647,0.613636,160,17,213,55,58,155,14,11,72,126,2017,2033160,0,2.2837837837837838,0.05405405405405406,81,1,0,0,21-30,3
1628369,Jayson Tatum,BOS,6-8,210,2,3715,217,217,6905.0,1351,385,0.45611,0.399377,0.827404,2962,964,1291,468,176,1115,246,168,368,458,2017,7830000,1,17.119815668202765,1.0,80,1,0,0,1-10,1
201952,Jeff Teague,ATL,6-3,195,10,9675,770,593,21195.0,3420,671,0.444559,0.356157,0.843993,7693,1884,1898,4450,258,1640,902,265,1737,1484,2009,19000000,0,12.564935064935066,0.7701298701298701,75,1,0,0,11-20,2
202066,Garrett Temple,BKN,6-5,195,9,3582,569,242,11976.0,1277,550,0.403093,0.346784,0.733128,3168,1586,1289,975,227,1062,481,178,535,1078,2009,4767000,1,6.295254833040421,0.4253075571177504,77,0,0,1,Undrafted,8
1628464,Daniel Theis,BOS,6-8,245,2,1224,186,61,3192.0,480,68,0.552359,0.333333,0.750957,869,204,873,216,305,568,86,163,137,514,2017,5000000,1,6.580645161290323,0.3279569892473118,80,0,0,1,Undrafted,8
1629017,Khyri Thomas,DET,6-3,210,1,74,33,0,242.0,26,14,0.313253,0.304347,0.615384,83,46,21,10,5,16,9,5,7,27,2018,1416852,1,2.242424242424242,0.0,75,0,1,0,31-40,4
1629744,Matt Thomas,TOR,6-4,190,0,150,33,0,321.0,54,35,0.486486,0.466666,0.7,111,75,48,17,7,41,8,0,12,31,2019,898310,1,4.545454545454546,0.0,76,0,0,1,Undrafted,8
202691,Klay Thompson,GSW,6-6,215,8,11995,615,578,20338.0,4512,1798,0.459376,0.419114,0.847543,9822,4290,2130,1416,273,1857,561,332,1053,1313,2011,32742000,1,19.504065040650406,0.9398373983739837,78,1,0,0,11-20,2
202684,Tristan Thompson,CLE,6-9,254,8,5839,619,429,17373.0,2344,9,0.518125,0.28125,0.610368,4524,32,5393,624,2115,3278,317,447,718,1438,2011,18539130,0,9.432956381260096,0.6930533117932148,81,1,0,0,1-10,1
1629680,Matisse Thybulle,PHI,6-5,201,0,258,56,13,1092.0,92,49,0.401746,0.35,0.609756,229,140,86,69,35,51,77,40,44,120,2019,2582160,1,4.607142857142857,0.23214285714285715,77,1,0,0,11-20,2
201229,Anthony Tolliver,MEM,6-8,240,11,4394,710,101,13942.0,1450,850,0.415353,0.37297,0.770334,3491,2279,2384,639,538,1846,265,213,454,1154,2008,2564753,0,6.188732394366197,0.14225352112676057,80,0,0,1,Undrafted,8
1626157,Karl-Anthony Towns,MIN,6-11,248,4,8113,358,358,12307.0,3063,507,0.53353,0.396093,0.830993,5741,1280,4209,992,1121,3088,278,523,904,1180,2015,27285000,1,22.662011173184357,1.0,83,1,0,0,1-10,1
1629019,Allonzo Trier,NYK,6-4,200,1,850,88,4,1749.0,283,71,0.453525,0.383783,0.800751,624,185,226,147,37,189,31,18,138,146,2018,3551100,0,9.659090909090908,0.045454545454545456,76,0,0,1,Undrafted,8
1629730,Rayjon Tucker,UTA,6-3,209,0,19,14,0,78.0,8,0,0.421052,0.0,0.6,19,6,13,2,2,11,1,0,3,7,2019,578573,1,1.3571428571428572,0.0,75,0,0,1,Undrafted,8
202323,Evan Turner,MIN,6-6,220,9,6824,705,295,18939.0,2748,270,0.434054,0.294438,0.781966,6331,917,3278,2462,388,2890,532,184,1267,1380,2010,18606556,0,9.679432624113476,0.41843971631205673,78,1,0,0,1-10,1
1626167,Myles Turner,IND,6-11,250,4,4239,334,301,9455.0,1620,251,0.487364,0.354519,0.768756,3324,708,2221,409,470,1751,238,691,433,936,2015,18000000,1,12.691616766467066,0.9011976047904192,83,1,0,0,11-20,2
202685,Jonas Valanciunas,MEM,6-11,265,7,6798,550,522,13895.0,2697,74,0.561407,0.360975,0.781433,4804,205,4844,500,1447,3397,208,577,837,1528,2012,16000000,1,12.36,0.9490909090909091,83,1,0,0,1-10,1
1627756,Denzel Valentine,CHI,6-4,220,2,1305,169,41,3537.0,494,259,0.400324,0.365303,0.753246,1234,709,617,348,68,549,120,24,172,321,2016,3377568,1,7.72189349112426,0.24260355029585798,76,1,0,0,11-20,2
1627832,Fred VanVleet,TOR,6-1,197,3,2309,225,76,5293.0,804,362,0.410832,0.391774,0.839108,1957,924,573,902,68,505,232,55,281,394,2016,9346153,0,10.262222222222222,0.3377777777777778,73,0,0,1,Undrafted,8
1629020,Jarred Vanderbilt,MIN,6-9,214,1,36,28,0,116.0,14,0,0.518518,0.0,0.666666,27,2,32,5,10,22,9,2,15,14,2018,1416852,1,1.2857142857142858,0.0,81,0,1,0,41-50,5
1629216,Gabe Vincent,MIA,6-3,200,0,12,6,0,42.0,4,4,0.210526,0.25,0.0,19,16,3,3,0,3,1,0,0,2,2019,79568,0,2.0,0.0,75,0,0,1,Undrafted,8
203943,Noah Vonleh,DEN,6-10,257,5,1655,332,171,5659.0,638,92,0.459985,0.309764,0.691566,1387,297,1740,255,470,1270,137,136,265,606,2014,2000000,0,4.984939759036145,0.5150602409638554,82,1,0,0,1-10,1
202696,Nikola Vucevic,ORL,6-11,260,8,9444,589,528,17832.0,4111,259,0.498423,0.331626,0.745356,8248,781,6022,1505,1588,4434,507,556,1018,1489,2011,28000000,1,16.0339558573854,0.8964346349745331,83,1,0,0,11-20,2
1629731,Dean Wade,CLE,6-9,228,0,20,12,0,71.0,9,2,0.692307,0.5,0.0,13,4,19,2,3,16,2,4,3,8,2019,79568,0,1.6666666666666667,0.0,81,0,0,1,Undrafted,8
1629021,Moritz Wagner,WAS,6-11,245,1,549,79,10,1132.0,199,45,0.503797,0.3125,0.80916,395,144,274,72,65,209,33,30,93,187,2018,2063520,1,6.949367088607595,0.12658227848101267,83,1,0,0,21-30,3
203079,Dion Waiters,LAL,6-3,210,7,5422,412,211,11670.0,2075,568,0.411951,0.348466,0.691552,5037,1630,1095,1146,164,931,387,109,748,797,2012,12603656,1,13.160194174757281,0.5121359223300971,75,1,0,0,1-10,1
202689,Kemba Walker,BOS,6-0,184,8,13058,654,609,22168.0,4511,1446,0.418382,0.35979,0.837645,10782,4019,2518,3553,382,2136,846,258,1422,988,2011,32742000,1,19.966360856269112,0.9311926605504587,72,1,0,0,1-10,1
202322,John Wall,WAS,6-4,210,9,10879,573,561,20544.0,3942,539,0.432853,0.324113,0.78117,9107,1663,2483,5282,330,2153,976,396,2191,1289,2010,38199000,1,18.986038394415356,0.9790575916230366,76,1,0,0,1-10,1
202954,Brad Wanamaker,BOS,6-3,210,1,548,98,1,1537.0,185,49,0.439429,0.379844,0.914893,421,129,163,213,21,142,63,14,88,153,2018,1445697,0,5.591836734693878,0.01020408163265306,75,0,0,1,Undrafted,8
1629139,Yuta Watanabe,MEM,6-8,215,1,69,31,0,273.0,27,5,0.3375,0.208333,0.555555,80,24,48,12,10,38,9,2,8,20,2018,79568,0,2.225806451612903,0.0,80,0,0,1,Undrafted,8
1629682,Tremont Waters,BOS,5-10,175,0,33,10,0,89.0,12,3,0.342857,0.17647,1.0,35,17,9,12,0,9,5,2,10,11,2019,79568,0,3.3,0.0,70,0,1,0,51-60,6
1628778,Paul Watson,TOR,6-6,210,0,1,5,0,26.0,0,0,0.0,0.0,0.5,8,4,4,5,0,4,1,1,0,1,2019,130319,0,0.2,0.0,78,0,0,1,Undrafted,8
1629683,Quinndary Weatherspoon,SAS,6-3,205,0,0,3,0,15.0,0,0,0.0,0.0,0.0,3,1,1,1,0,1,0,0,0,0,2019,79568,0,0.0,0.0,75,0,1,0,41-50,5
201566,Russell Westbrook,HOU,6-3,200,11,20288,873,856,30196.0,7183,973,0.437055,0.304443,0.800032,16435,3196,6180,7260,1465,4715,1526,267,3556,2243,2008,38506482,1,23.239404352806414,0.9805269186712485,75,1,0,0,1-10,1
1629632,Coby White,CHI,6-4,195,0,839,64,0,1636.0,305,131,0.393548,0.355013,0.790322,775,369,225,170,28,197,49,6,100,116,2019,5307120,1,13.109375,0.0,76,1,0,0,1-10,1
1628401,Derrick White,SAS,6-4,190,2,1336,144,67,3299.0,484,112,0.470359,0.360128,0.815286,1029,311,459,469,69,390,108,101,175,283,2017,1948080,1,9.277777777777779,0.4652777777777778,76,1,0,0,21-30,3
202355,Hassan Whiteside,POR,7-0,265,7,5560,403,319,10804.0,2320,8,0.581307,0.32,0.606382,3991,25,4764,275,1362,3402,237,983,659,1071,2010,27093018,0,13.79652605459057,0.7915632754342432,84,0,1,0,31-40,4
203952,Andrew Wiggins,GSW,6-7,197,5,8922,453,453,16210.0,3296,537,0.441113,0.332096,0.732733,7472,1617,1975,1062,572,1403,452,278,953,980,2014,27504630,1,19.695364238410598,1.0,79,1,0,0,1-10,1
1629684,Grant Williams,BOS,6-6,236,0,218,61,5,967.0,80,21,0.416666,0.247058,0.72549,192,85,165,62,58,107,27,33,46,148,2019,2379840,1,3.5737704918032787,0.08196721311475409,78,1,0,0,21-30,3
1629140,Johnathan Williams,WAS,6-9,228,1,192,35,5,507.0,81,0,0.6,0.0,0.566037,135,4,142,19,63,79,9,13,20,73,2018,161245,0,5.485714285714286,0.14285714285714285,81,0,0,1,Undrafted,8
1629026,Kenrich Williams,NOP,6-6,210,1,411,81,47,1858.0,156,77,0.369668,0.305555,0.511627,422,252,397,136,104,293,70,40,57,176,2018,1416852,0,5.074074074074074,0.5802469135802469,78,0,0,1,Undrafted,8
101107,Marvin Williams,MIL,6-8,237,14,10941,1066,828,30040.0,3919,1042,0.442624,0.361554,0.807918,8854,2882,5511,1369,1266,4245,823,573,1016,2146,2005,14654179,0,10.26360225140713,0.776735459662289,80,1,0,0,1-10,1
1628430,Nigel Williams-Goss,UTA,6-2,190,0,4,9,0,28.0,1,0,0.142857,0.0,1.0,7,2,5,5,2,3,1,1,2,2,2019,1500000,1,0.4444444444444444,0.0,74,0,1,0,51-60,6
1629627,Zion Williamson,NOP,6-6,284,0,448,19,19,565.0,172,6,0.589041,0.461538,0.644736,292,13,129,41,55,74,16,9,51,32,2019,9757440,1,23.57894736842105,1.0,78,1,0,0,1-10,1
1626159,Justise Winslow,MEM,6-6,222,4,2181,241,105,6850.0,856,190,0.41695,0.337477,0.645833,2053,563,1295,658,247,1048,227,89,371,591,2015,13000000,1,9.049792531120332,0.43568464730290457,78,1,0,0,1-10,1
1626174,Christian Wood,DET,6-10,214,3,1046,112,13,1788.0,369,64,0.540263,0.35955,0.739393,683,178,533,71,147,386,46,75,107,136,2015,1645357,0,9.339285714285714,0.11607142857142858,82,0,0,1,Undrafted,8
1626153,Delon Wright,DAL,6-5,185,4,1918,261,23,5171.0,701,163,0.451093,0.342436,0.793258,1554,476,795,748,200,595,266,97,259,303,2015,9473684,1,7.3486590038314175,0.08812260536398467,77,1,0,0,11-20,2
1629625,Justin Wright-Foreman,UTA,6-0,190,0,0,1,0,2.0,0,0,0.0,0.0,0.0,0,0,0,0,0,0,0,0,0,0,2019,79568,0,0.0,0.0,72,0,1,0,51-60,6
201152,Thaddeus Young,CHI,6-8,235,12,12695,964,687,29260.0,5456,485,0.497991,0.332875,0.669762,10956,1457,5710,1605,1930,3780,1406,390,1393,2114,2007,12900000,1,13.16908713692946,0.7126556016597511,80,1,0,0,11-20,2
1629027,Trae Young,ATL,6-1,180,1,3285,140,140,4586.0,1059,355,0.427016,0.342003,0.847599,2480,1038,554,1202,94,460,137,23,591,241,2018,6273000,1,23.464285714285715,1.0,73,1,0,0,1-10,1
203469,Cody Zeller,CHA,7-0,240,6,3597,418,251,9591.0,1349,27,0.513122,0.241071,0.73093,2629,112,2485,580,819,1666,285,297,451,1103,2013,14471910,1,8.605263157894736,0.6004784688995215,84,1,0,0,1-10,1
1627790,Ante Zizic,CLE,6-10,266,2,674,113,27,1517.0,273,0,0.580851,0.0,0.711111,470,0,446,64,150,296,22,40,82,170,2017,2281800,0,5.964601769911504,0.23893805309734514,82,1,0,0,21-30,3
1627826,Ivica Zubac,LAC,7-0,240,3,1477,203,109,3194.0,600,0,0.559179,0.0,0.758904,1073,6,1093,187,362,731,49,158,177,396,2016,6481482,1,7.275862068965517,0.5369458128078818,84,0,1,0,31-40,4
