,player_id,league_id,team_id,gp,gs,min,fgm,fga,fg_pct,fg3m,fg3a,fg3_pct,ft_pct,oreb,dreb,reb,ast,stl,blk,tov,pf,pts
0,203500,00,0,515,451,13822.0,2087,3550,0.587887,0,9,0.0,0.556945,1776,2114,3890,593,452,517,737,1358,5020
1,1628389,00,0,205,101,5146.0,788,1403,0.561653,4,33,0.121212,0.709439,423,1117,1540,551,170,170,332,471,2061
2,200746,00,0,1000,959,34425.0,7900,16068,0.49166,180,572,0.314685,0.810896,2679,5668,8347,1977,729,1106,1569,2465,19552
3,200746,00,0,1000,959,34425.0,7900,16068,0.49166,180,572,0.314685,0.810896,2679,5668,8347,1977,729,1106,1569,2465,19552
4,1629638,00,0,41,0,501.0,77,227,0.339207,40,117,0.34188,0.607142,8,72,80,74,11,7,40,46,211
5,1628960,00,0,68,2,914.0,146,354,0.412429,65,190,0.342105,0.789473,8,81,89,68,12,7,56,83,432
6,1628386,00,0,205,160,4947.0,798,1322,0.60363,11,65,0.16923,0.699044,500,1073,1573,233,104,285,244,457,2046
7,1628443,00,0,47,2,640.0,90,207,0.434782,22,63,0.349206,0.756756,14,57,71,109,24,8,43,68,258
8,202329,00,0,688,431,17264.0,1910,4542,0.420519,535,1597,0.335003,0.744787,960,3210,4170,848,659,388,835,1273,5248
9,1626147,00,0,219,23,2874.0,409,979,0.417773,138,460,0.3,0.776061,136,420,556,143,97,69,129,258,1157
10,203937,00,0,348,149,6751.0,749,1520,0.492763,66,220,0.3,0.698564,240,1130,1370,675,331,183,301,486,1856
11,201583,00,0,649,289,16768.0,2755,6533,0.421705,1325,3491,0.379547,0.853587,1247,2166,3413,586,332,217,606,1263,8001
12,203507,00,0,513,448,16703.0,3717,7082,0.524851,293,1027,0.285296,0.72299,866,3624,4490,2201,611,677,1404,1543,10183
13,1628961,00,0,5,0,16.0,0,3,0.0,0,0,0.0,0.5,0,2,2,1,2,0,1,0,2
14,203648,00,0,17,1,67.0,16,27,0.592592,0,4,0.0,0.444444,6,2,8,6,2,1,5,11,36
15,2546,00,0,1104,1096,39428.0,9367,20917,0.447817,1417,4082,0.347133,0.811739,1870,5333,7203,3225,1114,546,2902,3180,26153
16,1628384,00,0,195,121,4408.0,567,1193,0.475272,208,582,0.357388,0.624338,162,510,672,185,162,71,165,398,1460
17,1627853,00,0,156,32,3031.0,278,639,0.435054,136,361,0.376731,0.838235,44,288,332,383,99,7,106,270,806
18,2772,00,0,1054,721,31297.0,3966,9386,0.422544,1516,4315,0.351332,0.730053,1038,4042,5080,2275,1569,327,1422,2106,11095
19,201571,00,0,846,313,20432.0,2709,6570,0.412328,1088,2865,0.379755,0.863785,254,1362,1616,3388,515,30,1275,1227,8345
20,1629028,00,0,94,88,2943.0,702,1228,0.571661,0,6,0.0,0.759183,314,691,1005,175,78,104,170,281,1590
21,1628407,00,0,135,30,2159.0,279,693,0.402597,68,197,0.345177,0.717741,27,286,313,137,51,9,78,170,715
22,1628963,00,0,75,10,1901.0,434,873,0.497136,34,118,0.288135,0.703071,191,377,568,72,39,71,116,163,1108
23,1628366,00,0,145,132,4670.0,592,1534,0.385919,271,818,0.331295,0.473684,176,714,890,943,217,83,374,319,1536
24,1628964,00,0,97,1,1513.0,228,480,0.475,50,156,0.320512,0.621052,139,343,482,72,33,136,82,195,565
25,200826,00,0,819,106,16100.0,2805,6606,0.424613,810,2295,0.352941,0.794168,251,1478,1729,3221,329,23,1247,1153,7346
26,203084,00,0,594,533,18462.0,2996,6711,0.446431,729,1956,0.372699,0.795859,592,2317,2909,950,413,113,696,991,8105
27,1629628,00,0,45,44,1372.0,221,570,0.387719,48,151,0.31788,0.610837,45,184,229,109,44,16,94,102,614
28,203115,00,0,486,151,11792.0,1979,4573,0.432757,551,1589,0.346758,0.78531,368,1667,2035,1215,362,200,656,762,5343
29,1628966,00,0,69,3,1169.0,149,350,0.425714,44,146,0.301369,0.690721,37,158,195,47,35,35,28,67,409
30,201587,00,0,789,714,24732.0,3245,7470,0.434404,1247,3496,0.356693,0.841047,835,3302,4137,2967,747,500,1449,1398,9118
31,203382,00,0,460,134,7212.0,1072,2156,0.497217,67,215,0.311627,0.798994,701,1375,2076,369,98,228,388,1020,2688
32,203145,00,0,537,278,11313.0,1652,4011,0.411867,572,1640,0.34878,0.725023,192,1505,1697,991,546,262,783,1063,4638
33,1629647,00,0,53,8,909.0,88,230,0.382608,30,100,0.3,0.680851,21,175,196,29,20,35,40,45,238
34,203078,00,0,534,500,18414.0,4028,8912,0.451974,1188,3150,0.377142,0.805065,443,1687,2130,2109,599,209,1195,1173,11024
35,1627736,00,0,209,22,3470.0,596,1345,0.443122,272,709,0.383638,0.80921,67,318,385,196,110,23,130,220,1587
36,201158,00,0,850,219,19373.0,2915,6885,0.423384,1195,3185,0.375196,0.844686,183,1563,1746,1421,485,64,845,1215,8265
37,1628395,00,0,152,16,1832.0,247,437,0.565217,2,15,0.133333,0.631578,143,326,469,192,57,117,111,189,568
38,1627761,00,0,189,23,3673.0,479,1070,0.447663,77,286,0.26923,0.592274,110,531,641,360,189,77,265,333,1173
39,1627733,00,0,178,64,3560.0,342,863,0.396292,172,533,0.322701,0.647058,97,570,667,218,50,102,186,346,933
40,202722,00,0,264,32,4816.0,681,1541,0.44192,464,1131,0.410256,0.854077,94,624,718,299,113,118,153,409,2025
41,201976,00,0,420,340,11880.0,1335,3226,0.413825,677,1790,0.378212,0.760638,495,1354,1849,1471,501,191,548,1321,3776
42,203920,00,0,130,25,1994.0,215,390,0.551282,0,2,0.0,0.668246,219,331,550,107,49,71,64,201,571
43,1629048,00,0,42,2,362.0,52,108,0.481481,4,25,0.16,0.689655,22,65,87,19,3,27,21,50,128
44,202687,00,0,628,268,12701.0,1211,2329,0.519965,0,2,0.0,0.575144,1242,2681,3923,327,158,840,569,1389,3218
45,202357,00,0,323,143,6958.0,967,2073,0.466473,394,989,0.398382,0.773885,374,1142,1516,543,217,145,319,813,2571
46,202339,00,0,616,454,17148.0,3116,6820,0.456891,664,1977,0.335862,0.796145,505,1943,2448,2970,890,297,1620,1269,8755
47,203992,00,0,191,79,5335.0,930,2159,0.430754,375,1007,0.372393,0.802197,86,516,602,659,184,42,319,405,2527
48,202711,00,0,452,335,12852.0,2254,4881,0.46179,852,2156,0.395176,0.855392,216,1350,1566,670,251,36,699,730,6407
49,202711,00,0,452,335,12852.0,2254,4881,0.46179,852,2156,0.395176,0.855392,216,1350,1566,670,251,36,699,730,6407
50,1628413,00,0,49,10,679.0,84,171,0.491228,34,98,0.346938,0.48387,50,123,173,40,19,41,38,107,217
51,1629648,00,0,9,0,48.0,3,17,0.17647,0,8,0.0,0.0,0,1,1,8,1,0,2,6,6
52,1629067,00,0,70,33,971.0,89,190,0.468421,18,51,0.352941,0.75,60,121,181,68,42,22,39,122,250
53,1626164,00,0,324,299,10811.0,2477,5540,0.447111,629,1774,0.354565,0.867528,164,999,1163,1483,258,81,1062,991,7194
54,1628449,00,0,76,0,772.0,137,300,0.456666,34,119,0.285714,0.788461,97,161,258,22,23,65,27,118,390
55,1628968,00,0,3,0,10.0,1,4,0.25,0,1,0.0,0.0,0,1,1,0,0,1,0,0,2
56,1629065,00,0,40,12,875.0,110,275,0.4,31,95,0.326315,0.828571,20,79,99,118,36,6,55,89,280
57,202340,00,0,561,483,15868.0,2668,6108,0.436804,725,1988,0.364688,0.778859,357,1285,1642,994,569,114,792,1235,6621
58,1628396,00,0,53,2,485.0,91,150,0.606666,0,1,0.0,0.631578,84,117,201,13,12,18,24,90,206
59,1629714,00,0,3,0,11.0,0,0,0.0,0,0,0.0,0.0,0,5,5,1,0,2,1,1,0
60,1629649,00,0,9,0,53.0,6,22,0.272727,1,9,0.111111,0.8,2,3,5,4,0,1,2,3,17
61,1628969,00,0,137,70,3831.0,407,889,0.457817,146,432,0.337962,0.811594,103,377,480,261,210,69,123,321,1128
62,1628970,00,0,134,78,3353.0,506,1121,0.451382,149,446,0.33408,0.777777,143,479,622,186,89,89,133,226,1301
63,1629052,00,0,17,0,128.0,12,34,0.352941,3,15,0.2,0.75,9,14,23,5,4,1,7,18,33
64,1629151,00,0,59,1,634.0,79,185,0.427027,58,144,0.402777,0.814814,13,93,106,33,11,8,22,50,238
65,1627763,00,0,228,153,6512.0,1161,2454,0.473105,300,771,0.389105,0.898406,168,681,849,975,198,46,374,446,3073
66,1628415,00,0,154,128,4208.0,697,1640,0.425,220,592,0.371621,0.782991,111,360,471,260,134,43,231,484,1881
67,1628971,00,0,128,98,2957.0,304,721,0.421636,54,182,0.296703,0.737142,102,328,430,300,102,65,141,328,791
68,1627759,00,0,266,159,6886.0,1261,2679,0.470698,353,955,0.369633,0.68,223,937,1160,375,223,88,397,639,3385
69,1629650,00,0,9,0,33.0,4,10,0.4,0,0,0.0,0.375,3,11,14,1,1,1,3,7,11
70,1628425,00,0,149,11,2367.0,297,698,0.425501,116,330,0.351515,0.767676,82,392,474,145,77,26,102,208,786
71,1629718,00,0,10,0,40.0,6,19,0.315789,3,9,0.333333,1.0,2,2,4,2,2,2,3,3,20
72,1628972,00,0,102,24,2021.0,295,666,0.442942,62,189,0.328042,0.732876,90,337,427,196,88,10,82,150,759
73,1628973,00,0,128,53,2594.0,442,947,0.466737,106,300,0.353333,0.762886,47,255,302,413,58,8,153,198,1138
74,1628418,00,0,116,76,2307.0,468,780,0.6,49,153,0.320261,0.76018,175,511,686,162,36,95,103,198,1153
75,203493,00,0,293,137,5785.0,756,1757,0.430278,393,1019,0.385672,0.830687,100,515,615,331,157,35,164,323,2062
76,203504,00,0,386,128,8857.0,1577,3850,0.40961,464,1354,0.342688,0.797535,149,627,776,1354,217,44,487,526,4071
77,202692,00,0,478,85,10456.0,1660,3951,0.420146,373,1039,0.358999,0.790148,291,1239,1530,882,310,92,613,847,4864
78,1629126,00,0,62,0,494.0,67,175,0.382857,15,66,0.227272,0.583333,9,58,67,19,10,17,18,57,163
79,202710,00,0,569,464,18810.0,3146,6930,0.453968,503,1508,0.333554,0.835215,853,2039,2892,2086,904,271,870,821,9679
80,203998,00,0,91,20,1204.0,144,365,0.39452,60,188,0.319148,0.830508,73,165,238,69,31,52,59,121,397
81,203998,00,0,91,20,1204.0,144,365,0.39452,60,188,0.319148,0.830508,73,165,238,69,31,52,59,121,397
82,203484,00,0,523,391,15323.0,2190,5257,0.416587,865,2468,0.350486,0.800374,351,1326,1677,859,588,99,520,967,6099
83,1628427,00,0,11,0,38.0,5,11,0.454545,1,5,0.2,1.0,3,5,8,3,1,1,3,6,15
84,203991,00,0,334,274,8674.0,1766,2785,0.634111,0,2,0.0,0.525653,1089,2154,3243,324,229,491,412,838,4075
85,201960,00,0,569,339,13519.0,1790,4167,0.429565,653,1819,0.358988,0.740137,650,1780,2430,712,518,148,491,1115,5096
86,1628975,00,0,79,5,1155.0,118,337,0.350148,69,185,0.372972,0.8125,35,107,142,124,56,22,61,111,344
87,1713,00,0,1530,982,46244.0,9278,21295,0.435689,2280,6140,0.371335,0.797763,1654,4935,6589,4710,1526,887,2587,3983,25688
88,1628976,00,0,81,81,2218.0,346,680,0.508823,12,60,0.2,0.763485,217,456,673,122,56,91,127,294,888
89,203487,00,0,347,192,8833.0,1349,3363,0.401129,157,623,0.252006,0.705722,323,1205,1528,1550,458,191,825,845,3632
90,1627936,00,0,112,11,2002.0,221,513,0.430799,71,187,0.379679,0.773584,46,180,226,239,99,33,125,185,636
91,1626161,00,0,345,237,8140.0,1413,2625,0.538285,4,19,0.210526,0.611904,611,1564,2175,550,322,286,347,823,3344
92,2199,00,0,1160,886,31618.0,3558,5964,0.596579,0,11,0.0,0.644318,3529,6938,10467,967,630,1335,1656,3268,9509
93,201163,00,0,666,480,20068.0,3253,7332,0.443671,862,2522,0.341792,0.769683,763,2775,3538,1197,469,410,924,1782,8414
94,1629597,00,0,3,0,31.0,2,5,0.4,0,1,0.0,0.0,1,5,6,2,0,1,3,5,4
95,1629185,00,0,21,0,179.0,15,51,0.294117,10,26,0.384615,0.0,1,21,22,38,13,3,11,14,40
96,1627737,00,0,247,138,4728.0,718,1597,0.449592,152,521,0.291746,0.659491,306,863,1169,250,167,204,316,647,1925
97,1629109,00,0,81,2,1010.0,86,244,0.352459,68,218,0.311926,0.9375,49,143,192,31,24,39,11,75,255
98,1629634,00,0,47,2,1025.0,243,390,0.623076,21,50,0.42,0.793478,66,204,270,67,25,39,44,78,580
99,203903,00,0,435,138,11803.0,2472,5533,0.446773,637,1864,0.341738,0.817658,373,999,1372,1139,374,60,721,720,6433
100,1629651,00,0,14,0,183.0,26,46,0.565217,1,7,0.142857,0.473684,19,24,43,16,1,8,9,14,62
101,1629598,00,0,28,0,246.0,50,124,0.403225,33,93,0.354838,0.857142,3,20,23,21,6,5,17,20,139
102,1628499,00,0,23,0,145.0,10,27,0.37037,3,5,0.6,0.625,3,14,17,2,8,6,8,25,28
103,1629599,00,0,5,0,41.0,9,16,0.5625,1,4,0.25,0.0,2,4,6,3,1,1,2,3,19
104,1628381,00,0,165,115,4580.0,1030,1815,0.567493,109,312,0.349358,0.755919,473,969,1442,260,88,168,277,524,2584
105,1628380,00,0,146,4,2488.0,313,708,0.44209,78,241,0.323651,0.729885,158,399,557,129,42,99,141,318,831
106,201144,00,0,820,784,26592.0,4331,9864,0.439071,1143,3052,0.374508,0.81752,359,2071,2430,4642,1183,166,1645,1619,12166
107,1626192,00,0,266,8,4123.0,475,1075,0.44186,197,574,0.343205,0.780487,162,561,723,330,79,75,143,279,1243
108,1626188,00,0,155,28,2374.0,430,917,0.46892,161,390,0.41282,0.76923,40,245,285,269,46,5,118,184,1071
109,1629076,00,0,11,0,35.0,7,10,0.7,0,0,0.0,0.833333,4,6,10,1,1,0,1,4,19
110,202326,00,0,565,543,18079.0,4283,9295,0.460785,342,1031,0.331716,0.736741,1565,4566,6131,1832,805,697,2000,2175,12006
111,203496,00,0,378,330,11283.0,1605,3950,0.406329,885,2470,0.358299,0.811659,349,1765,2114,569,629,311,655,1155,4819
112,203459,00,0,380,113,9114.0,1226,2886,0.424809,617,1594,0.387076,0.831168,109,964,1073,434,223,104,284,763,3453
113,1628470,00,0,156,61,2892.0,301,674,0.446587,107,337,0.317507,0.669117,171,361,532,125,64,89,83,333,800
114,203109,00,0,591,289,14565.0,1946,4637,0.419667,826,2457,0.336182,0.779661,433,1987,2420,899,574,188,517,1173,5638
115,1629633,00,0,52,35,1268.0,187,482,0.387966,52,188,0.276595,0.464646,59,117,176,94,51,35,70,103,472
116,203552,00,0,243,66,5344.0,861,1832,0.469978,408,932,0.437768,0.85663,84,393,477,422,168,30,235,350,2369
117,201939,00,0,698,692,23972.0,5676,11915,0.476374,2492,5727,0.435131,0.905285,490,2662,3152,4614,1205,156,2178,1731,16396
118,203584,00,0,331,20,4960.0,755,1881,0.401382,548,1380,0.397101,0.80337,74,364,438,182,97,21,184,422,2201
119,203076,00,0,512,507,17702.0,4581,8855,0.517334,230,731,0.314637,0.80133,1303,4027,5330,1133,711,1230,980,1218,12284
120,202334,00,0,665,95,13221.0,1735,3056,0.567735,0,4,0.0,0.582532,1524,2903,4427,507,332,544,520,1654,4197
121,1629056,00,0,55,2,954.0,160,337,0.474777,80,191,0.418848,0.880952,44,149,193,95,30,11,54,92,437
122,201942,00,0,804,792,27458.0,5792,12679,0.456818,340,1202,0.282861,0.82883,601,2894,3495,2823,796,233,1650,1820,16127
123,203473,00,0,387,187,7041.0,979,1881,0.520467,151,441,0.342403,0.731313,604,1699,2303,268,209,337,383,977,2471
124,203521,00,0,423,88,8595.0,843,2170,0.388479,386,1051,0.367269,0.839436,155,596,751,1531,197,19,528,808,2370
125,1628978,00,0,76,20,1536.0,222,501,0.443113,84,263,0.319391,0.771428,65,231,296,139,86,20,79,119,582
126,1627767,00,0,171,3,2095.0,387,644,0.600931,2,6,0.333333,0.767195,169,560,729,76,54,72,110,263,921
127,1628977,00,0,83,5,1133.0,162,358,0.452513,9,53,0.169811,0.632653,63,143,206,36,46,16,56,145,395
128,203476,00,0,499,204,11039.0,1514,3027,0.500165,109,310,0.351612,0.78999,932,2139,3071,689,415,490,588,1141,3942
129,203915,00,0,306,119,7822.0,1257,3062,0.410516,418,1309,0.319327,0.793415,128,710,838,1495,209,86,529,714,3896
130,1629029,00,0,116,116,3760.0,924,2084,0.443378,297,913,0.325301,0.736723,148,835,983,810,122,32,430,245,2797
131,1629652,00,0,19,11,393.0,39,97,0.402061,14,47,0.297872,0.727272,10,17,27,12,14,1,12,53,108
132,1628422,00,0,162,42,3261.0,475,1126,0.421847,202,561,0.360071,0.72549,51,376,427,219,91,16,108,210,1263
133,1629635,00,0,29,17,571.0,73,185,0.394594,23,75,0.306666,0.710526,16,81,97,11,17,7,31,61,196
134,1628408,00,0,23,0,275.0,43,106,0.40566,9,34,0.264705,0.615384,11,37,48,31,9,5,12,30,103
135,201609,00,0,801,509,22453.0,4083,8790,0.464505,963,2641,0.364634,0.76152,579,1863,2442,3865,797,148,1814,1852,11112
136,203083,00,0,593,542,18415.0,3616,6682,0.541155,13,93,0.139784,0.460383,2846,5382,8228,768,825,930,1152,1885,8564
137,201162,00,0,883,286,19969.0,2402,5176,0.464064,879,2232,0.393817,0.731974,800,2016,2816,1380,705,166,759,1624,6617
138,1627739,00,0,227,126,5516.0,771,1827,0.422003,127,415,0.306024,0.726351,90,670,760,948,351,101,411,676,1884
139,201142,00,0,849,849,31304.0,7814,15859,0.492717,1570,4122,0.380883,0.882569,617,5375,5992,3486,948,941,2653,1618,22940
140,1629035,00,0,32,0,296.0,33,103,0.320388,19,62,0.306451,0.846153,5,36,41,22,10,3,15,27,96
141,1627740,00,0,81,2,749.0,116,312,0.371794,47,137,0.343065,0.774193,25,169,194,44,13,3,41,56,327
142,201961,00,0,673,166,14149.0,1973,4826,0.408827,1003,2653,0.378062,0.846153,216,1246,1462,739,369,50,453,770,5422
143,203954,00,0,197,197,6040.0,1580,3306,0.477918,232,727,0.319119,0.791691,468,1801,2269,624,144,362,694,668,4726
144,203516,00,0,329,85,6521.0,725,1594,0.45483,252,708,0.355932,0.790836,325,714,1039,287,198,96,240,653,2099
145,1629234,00,0,31,0,155.0,25,41,0.609756,0,0,0.0,0.875,12,39,51,9,2,6,13,16,64
146,1628980,00,0,58,2,619.0,63,186,0.338709,17,53,0.320754,0.833333,15,51,66,54,16,15,36,69,168
147,203957,00,0,236,69,4374.0,492,1215,0.404938,161,529,0.304347,0.763565,86,328,414,501,97,39,299,416,1342
148,1629605,00,0,6,0,24.0,9,12,0.75,0,0,0.0,0.333333,0,11,11,0,0,2,3,5,19
149,202324,00,0,667,469,17107.0,3112,5882,0.529071,36,172,0.209302,0.662702,1686,3209,4895,765,518,849,942,1743,7653
150,1626245,00,0,227,20,3352.0,414,726,0.570247,0,12,0.0,0.676666,354,581,935,168,64,49,145,339,1031
151,1628390,00,0,175,122,3698.0,321,771,0.416342,187,542,0.345018,0.756756,73,180,253,129,86,38,84,441,885
152,1628981,00,0,45,11,550.0,77,152,0.506578,4,31,0.129032,0.615384,55,96,151,38,15,16,40,87,182
153,1627812,00,0,241,53,5012.0,691,1640,0.421341,275,750,0.366666,0.836734,65,450,515,567,156,26,211,335,1903
154,1627827,00,0,238,126,5711.0,582,1381,0.421433,244,745,0.327516,0.72519,327,667,994,271,169,95,195,483,1598
155,1627854,00,0,252,146,5461.0,813,1896,0.428797,406,1024,0.396484,0.797356,44,439,483,381,103,6,175,387,2213
156,203095,00,0,511,369,14496.0,2584,5770,0.447833,904,2404,0.376039,0.807834,218,1188,1406,1323,431,54,847,1251,7165
157,1628368,00,0,190,176,5706.0,1089,2446,0.445216,168,500,0.336,0.712941,101,558,659,1162,256,85,518,470,2952
158,1626187,00,0,7,0,60.0,3,9,0.333333,2,7,0.285714,0.666666,1,2,3,1,2,0,2,11,12
159,204025,00,0,272,81,4818.0,498,1221,0.407862,125,380,0.328947,0.734939,134,493,627,1092,188,24,360,483,1365
160,1628982,00,0,24,0,92.0,13,38,0.342105,4,13,0.307692,0.375,4,5,9,2,5,2,3,14,33
161,1628365,00,0,87,64,2203.0,373,831,0.448856,31,115,0.269565,0.679775,62,239,301,380,101,18,152,177,898
162,1629117,00,0,18,1,119.0,12,31,0.387096,2,12,0.166666,0.583333,7,12,19,4,5,4,7,17,33
163,1629655,00,0,33,4,420.0,67,100,0.67,0,0,0.0,0.526315,39,39,78,14,9,42,18,60,154
164,201568,00,0,595,525,18461.0,2901,6805,0.426304,1170,3084,0.379377,0.872757,446,2488,2934,1224,467,239,789,1088,9599
165,204038,00,0,396,62,9074.0,1195,3032,0.394129,582,1592,0.365577,0.80851,196,826,1022,682,288,63,244,655,3352
166,1629636,00,0,53,53,1616.0,246,625,0.3936,96,273,0.351648,0.869565,23,77,100,204,38,2,140,84,648
167,201188,00,0,830,816,27540.0,4526,9396,0.481694,374,1051,0.355851,0.77681,1371,4969,6340,2862,760,1191,1686,2413,12193
168,200752,00,0,930,777,30960.0,6051,13284,0.45551,951,2749,0.345943,0.797464,1299,4185,5484,2052,1128,711,2077,2215,15947
169,202331,00,0,637,589,21410.0,4299,9935,0.432712,1544,4071,0.379267,0.846533,578,3519,4097,2132,1116,284,1659,1718,12718
170,201959,00,0,789,430,19927.0,3134,6097,0.514023,25,115,0.217391,0.708522,1833,3122,4955,807,446,831,933,2005,7540
171,1628385,00,0,86,7,1169.0,245,476,0.514705,0,6,0.0,0.669642,90,229,319,118,45,31,98,214,565
172,1628983,00,0,136,127,4091.0,722,1534,0.470664,118,330,0.357575,0.805496,96,467,563,440,159,81,244,267,1943
173,203497,00,0,458,366,13458.0,1967,3086,0.637394,0,3,0.0,0.628366,1505,3528,5033,624,311,996,743,1185,5334
174,1629164,00,0,42,1,412.0,69,182,0.37912,25,79,0.316455,0.942857,11,55,66,54,11,4,28,43,196
175,203932,00,0,390,301,11080.0,1866,4178,0.446625,428,1341,0.319164,0.702242,617,1854,2471,890,299,242,538,787,4943
176,201569,00,0,657,508,21607.0,3711,8719,0.425622,1539,4145,0.37129,0.810487,273,1352,1625,1883,593,225,1298,1299,10924
177,1628984,00,0,100,47,2577.0,387,1041,0.371757,224,629,0.35612,0.801619,51,208,259,541,72,16,187,150,1196
178,1626203,00,0,170,44,2738.0,249,654,0.380733,112,340,0.329411,0.723404,104,267,371,130,72,15,70,276,712
179,203924,00,0,437,166,10658.0,1397,3022,0.462276,347,1005,0.345273,0.662974,416,1282,1698,457,254,499,405,993,3979
180,1627982,00,0,7,0,109.0,12,43,0.279069,3,13,0.230769,0.636363,3,9,12,14,8,2,12,9,34
181,201980,00,0,672,596,17065.0,2136,5035,0.42423,1262,3140,0.40191,0.810231,398,1951,2349,1066,673,531,686,1183,6025
182,203110,00,0,574,426,16172.0,1872,4300,0.435348,521,1628,0.320024,0.70955,648,3313,3961,2844,788,609,1183,1587,5164
183,101123,00,0,658,118,13026.0,2312,5546,0.416877,962,2668,0.360569,0.817821,318,1321,1639,596,335,199,721,1228,6412
184,203210,00,0,344,151,7556.0,1061,2257,0.470093,245,669,0.366218,0.766784,640,1481,2121,318,197,148,394,925,2801
185,1629750,00,0,41,1,375.0,48,94,0.510638,6,23,0.260869,0.638888,16,53,69,21,22,5,16,36,125
186,201145,00,0,890,544,26373.0,4193,9533,0.43984,905,2716,0.33321,0.804695,823,3133,3956,1391,641,476,1341,1955,11553
187,201933,00,0,622,622,21672.0,5049,10134,0.498223,407,1223,0.332788,0.694373,1345,4156,5501,2749,553,321,1617,1777,13479
188,1629741,00,0,33,0,434.0,53,138,0.384057,21,71,0.295774,0.913043,12,50,62,40,11,7,34,31,148
189,1629657,00,0,2,0,4.0,1,2,0.5,0,1,0.0,0.0,0,0,0,0,0,0,0,0,2
190,1629060,00,0,30,30,864.0,173,355,0.487323,13,55,0.236363,0.826086,46,133,179,46,22,5,27,66,416
191,1628985,00,0,5,0,20.0,1,5,0.2,0,2,0.0,0.75,0,1,1,3,0,0,1,1,5
192,203501,00,0,455,218,11940.0,2119,5047,0.419853,883,2514,0.351233,0.815178,158,1030,1188,843,288,65,503,768,6034
193,201935,00,0,816,603,27996.0,6016,13594,0.442548,2259,6205,0.364061,0.858421,637,3696,4333,5117,1272,432,2999,2151,20427
194,203090,00,0,526,315,12122.0,1506,3149,0.478247,317,975,0.325128,0.61165,626,1336,1962,487,516,352,461,1076,3770
195,1629607,00,0,3,0,8.0,1,4,0.25,0,2,0.0,0.0,0,0,0,0,0,0,0,0,2
196,1626149,00,0,308,25,6383.0,1586,2581,0.61449,5,48,0.104166,0.629286,533,961,1494,410,171,273,357,696,3856
197,203914,00,0,358,296,10360.0,1631,3604,0.452552,526,1475,0.35661,0.804597,222,709,931,761,445,78,447,636,4348
198,203925,00,0,314,154,7548.0,1153,2434,0.473705,576,1362,0.422907,0.787061,173,794,967,500,144,61,368,637,3174
199,202699,00,0,601,481,18477.0,3596,7639,0.470742,785,2157,0.363931,0.820065,587,3033,3620,1195,441,293,832,1199,9481
200,1627885,00,0,129,17,2068.0,284,643,0.441679,37,136,0.272058,0.692708,50,278,328,225,132,44,94,194,738
201,1628404,00,0,177,58,4500.0,539,1249,0.431545,268,747,0.358768,0.714859,123,687,810,247,163,75,159,378,1524
202,1628392,00,0,51,2,487.0,64,108,0.592592,2,11,0.181818,0.714285,50,87,137,33,16,24,29,97,160
203,2617,00,0,856,499,21531.0,2640,5390,0.489795,4,55,0.072727,0.755364,1606,4135,5741,728,422,249,803,2040,6516
204,1629637,00,0,51,12,919.0,150,227,0.660792,1,4,0.25,0.629411,82,138,220,47,22,51,40,135,408
205,202330,00,0,625,463,19210.0,3261,7239,0.450476,823,2250,0.365777,0.823062,466,2242,2708,2153,615,254,1228,1092,9522
206,203089,00,0,437,154,8604.0,1413,2620,0.539312,18,75,0.24,0.570414,791,1542,2333,486,204,636,484,977,3326
207,1629608,00,0,4,0,11.0,1,5,0.2,0,1,0.0,1.0,2,5,7,0,1,0,1,6,4
208,1627823,00,0,194,40,2989.0,321,758,0.423482,147,418,0.351674,0.745283,155,464,619,122,70,45,96,218,947
209,1626195,00,0,202,26,2885.0,543,1025,0.529756,29,86,0.337209,0.681481,378,704,1082,205,81,77,215,340,1391
210,1629639,00,0,46,6,1273.0,219,529,0.413988,99,252,0.392857,0.835443,14,172,186,91,29,7,72,58,603
211,1628987,00,0,6,0,13.0,0,5,0.0,0,4,0.0,0.0,0,2,2,1,0,0,0,1,0
212,1626209,00,0,316,69,5870.0,822,1985,0.414105,257,808,0.318069,0.811827,140,843,983,395,231,77,358,528,2203
213,1627741,00,0,298,194,8332.0,1767,3990,0.442857,809,1975,0.40962,0.863636,248,1010,1258,656,227,80,504,600,4742
214,201588,00,0,770,447,21400.0,3045,6662,0.457069,946,2454,0.385493,0.802061,454,1932,2386,2456,700,215,970,1582,8592
215,203524,00,0,353,171,7814.0,719,1812,0.396799,285,844,0.337677,0.798206,236,905,1141,565,241,81,323,621,2079
216,1629658,00,0,13,0,103.0,15,32,0.46875,0,3,0.0,0.615384,14,18,32,4,5,0,4,12,38
217,1628988,00,0,99,19,1763.0,286,698,0.409742,117,306,0.382352,0.846153,23,152,175,255,56,24,102,159,777
218,201950,00,0,697,624,23142.0,4352,9638,0.451545,896,2532,0.35387,0.779791,596,2113,2709,4441,1041,356,1912,1590,11020
219,203200,00,0,412,164,9478.0,1175,2970,0.395622,595,1657,0.359082,0.827235,157,1045,1202,601,398,170,369,628,3352
220,1626178,00,0,277,150,6372.0,961,2145,0.448018,43,200,0.215,0.737186,404,1182,1586,536,271,152,372,582,2641
221,1626158,00,0,263,57,4912.0,905,1549,0.584247,39,152,0.256578,0.726546,441,861,1302,249,162,255,210,663,2213
222,203918,00,0,341,248,9325.0,1536,3606,0.425956,583,1566,0.372286,0.838526,120,860,980,645,262,67,379,750,4247
223,201143,00,0,836,831,27329.0,4922,9457,0.520461,437,1212,0.360561,0.753468,1772,5161,6933,2741,680,992,1316,1907,11693
224,1629659,00,0,2,0,5.0,0,1,0.0,0,1,0.0,0.0,0,0,0,2,1,0,0,0,0
225,1627863,00,0,111,53,2869.0,348,794,0.438287,190,505,0.376237,0.792134,90,343,433,126,83,44,88,204,1027
226,2730,00,0,1097,1045,37033.0,6706,11446,0.585881,9,68,0.132352,0.564871,3812,9786,13598,1570,1008,2120,3124,3546,18528
227,1629739,00,0,2,0,13.0,0,4,0.0,0,4,0.0,0.0,0,2,2,1,0,0,1,1,0
228,1628989,00,0,120,96,3413.0,476,1138,0.418277,239,616,0.387987,0.778761,87,342,429,366,102,46,183,264,1279
229,1629631,00,0,53,52,1674.0,236,576,0.409722,87,252,0.345238,0.75862,29,181,210,96,41,15,85,146,647
230,1628990,00,0,72,24,1421.0,176,384,0.458333,26,88,0.295454,0.594827,49,244,293,60,50,13,52,106,447
231,201586,00,0,797,640,22822.0,4160,8079,0.514915,517,1431,0.361285,0.759403,1720,4124,5844,605,347,1663,1065,2247,10008
232,2738,00,0,1111,779,37097.0,4847,10407,0.465744,992,2973,0.333669,0.710311,1044,4603,5647,4828,1664,553,2114,2017,13469
233,101141,00,0,795,422,18634.0,3089,6962,0.443694,859,2349,0.365687,0.775938,1384,3198,4582,900,546,287,778,1948,8256
234,204060,00,0,460,257,11660.0,1358,3052,0.444954,777,1911,0.406593,0.749379,142,1337,1479,1644,460,69,724,858,3795
235,1627742,00,0,237,198,7615.0,1397,3023,0.462123,245,681,0.359765,0.716014,199,998,1197,749,168,145,534,603,3808
236,202681,00,0,528,528,17827.0,4346,9332,0.465709,1119,2870,0.389895,0.876943,407,1548,1955,3013,699,187,1394,1171,11842
237,1628371,00,0,134,106,3480.0,466,1078,0.432282,132,403,0.327543,0.793991,172,560,732,142,142,206,149,270,1249
238,1628411,00,0,171,40,3003.0,274,670,0.408955,58,187,0.31016,0.796296,95,332,427,174,86,44,91,264,778
239,1628402,00,0,104,17,1745.0,283,668,0.423652,85,271,0.313653,0.753846,40,150,190,105,40,6,87,153,749
240,1628367,00,0,163,64,4071.0,751,1814,0.414002,133,460,0.28913,0.651485,166,559,725,308,160,92,329,437,1964
241,1628382,00,0,198,57,3908.0,510,1178,0.432937,184,563,0.32682,0.785234,93,423,516,203,69,33,80,233,1321
242,202704,00,0,544,342,13758.0,2622,6139,0.427105,633,1892,0.334566,0.856828,298,1310,1608,2402,385,62,1050,1056,7044
243,1628991,00,0,110,108,2978.0,619,1275,0.48549,182,472,0.385593,0.757746,125,395,520,137,87,169,188,432,1689
244,1629713,00,0,31,0,216.0,33,78,0.423076,9,26,0.346153,0.47619,6,24,30,16,6,9,8,16,85
245,2544,00,0,1249,1248,48012.0,12326,24476,0.503595,1836,5344,0.343562,0.734663,1494,7785,9279,9213,2003,943,4369,2296,33817
246,1628518,00,0,30,0,143.0,15,30,0.5,0,0,0.0,0.545454,16,28,44,7,4,6,4,15,42
247,1629610,00,0,6,0,19.0,3,7,0.428571,1,4,0.25,0.0,1,0,1,1,1,0,0,3,7
248,1629660,00,0,21,0,247.0,32,85,0.37647,11,35,0.314285,0.75,6,29,35,37,14,3,14,23,84
249,1628993,00,0,25,0,110.0,11,30,0.366666,1,2,0.5,0.571428,10,24,34,3,1,3,1,13,31
250,1629168,00,0,15,0,96.0,14,36,0.388888,4,13,0.307692,1.0,3,11,14,2,4,0,5,4,36
251,1629661,00,0,42,1,832.0,111,270,0.411111,73,187,0.390374,0.75,36,86,122,45,24,13,26,59,325
252,201949,00,0,623,220,12823.0,1938,4071,0.47605,312,1010,0.30891,0.69238,504,1729,2233,1315,483,555,904,1385,4915
253,1629640,00,0,4,0,12.0,2,5,0.4,0,0,0.0,0.0,0,3,3,0,0,0,0,0,4
254,1626169,00,0,302,64,6243.0,743,1993,0.372804,239,820,0.291463,0.763586,164,818,982,429,269,66,351,590,2006
255,204020,00,0,301,71,7740.0,1136,2642,0.429977,371,1036,0.358108,0.77029,170,786,956,735,267,136,349,572,3146
256,203999,00,0,363,322,10506.0,2361,4519,0.52246,335,980,0.341836,0.824961,950,2559,3509,1966,402,258,898,1034,6141
257,1627745,00,0,100,49,1433.0,190,284,0.669014,2,8,0.25,0.67647,116,190,306,62,40,70,54,231,474
258,1626145,00,0,301,40,5392.0,622,1444,0.430747,161,469,0.343283,0.813432,63,402,465,1066,301,25,224,305,1623
259,1627884,00,0,152,36,2932.0,372,747,0.497991,62,218,0.284403,0.684397,196,328,524,94,104,96,88,299,999
260,201599,00,0,864,711,24050.0,3296,4922,0.669646,1,11,0.090909,0.472508,2767,6569,9336,801,506,1395,1198,2269,8200
261,202709,00,0,582,116,12695.0,1577,3579,0.440625,277,841,0.329369,0.763852,293,1213,1506,1670,443,129,579,875,4010
262,1629662,00,0,12,0,64.0,14,32,0.4375,9,20,0.45,1.0,1,10,11,2,2,2,2,9,42
263,1626163,00,0,314,36,6969.0,1107,2620,0.422519,377,1081,0.348751,0.748917,241,1039,1280,523,145,118,274,497,3110
264,202683,00,0,624,222,13712.0,2998,5522,0.542919,43,150,0.286666,0.77583,1836,2937,4773,531,253,294,965,1371,7323
265,1628379,00,0,164,44,3821.0,585,1327,0.440844,260,647,0.401854,0.863207,42,415,457,353,82,29,169,243,1613
266,1629742,00,0,4,0,15.0,0,3,0.0,0,1,0.0,0.0,0,3,3,1,0,0,2,3,0
267,203077,00,0,433,356,10858.0,1458,3072,0.474609,28,100,0.28,0.714671,698,1690,2388,511,294,301,391,937,3738
268,1629663,00,0,10,0,62.0,8,21,0.380952,4,11,0.363636,0.0,1,9,10,5,2,0,2,10,20
269,1628467,00,0,197,68,4055.0,494,1062,0.46516,203,573,0.354275,0.810945,247,599,846,176,77,183,122,377,1354
270,202688,00,0,438,346,12930.0,2220,5397,0.411339,686,1949,0.351975,0.806501,235,1121,1356,1731,381,74,1068,865,6168
271,1628995,00,0,129,61,3146.0,464,1256,0.369426,182,539,0.337662,0.698717,81,410,491,133,63,45,149,259,1328
272,1629723,00,0,6,0,34.0,3,5,0.6,0,2,0.0,1.0,0,2,2,3,0,0,0,1,7
273,1627788,00,0,116,19,1910.0,293,701,0.417974,157,429,0.365967,0.75,33,207,240,108,60,16,66,148,818
274,1628436,00,0,101,32,1654.0,236,591,0.399323,128,377,0.339522,0.77647,61,222,283,111,43,84,50,120,666
275,2594,00,0,1221,422,31006.0,4076,9222,0.441986,2428,5667,0.428445,0.876786,342,3276,3618,2101,798,402,1281,2505,11868
276,1629066,00,0,95,50,1717.0,259,565,0.458407,83,238,0.348739,0.754385,72,251,323,81,54,27,109,203,687
277,1628398,00,0,191,111,5800.0,1168,2593,0.450443,351,1049,0.334604,0.733686,189,869,1058,377,106,78,344,410,3103
278,203897,00,0,348,261,10670.0,2194,4913,0.44657,630,1673,0.376569,0.824334,160,1096,1256,1249,327,92,872,767,6102
279,1627746,00,0,148,43,2595.0,429,872,0.491972,30,85,0.352941,0.747933,223,438,661,152,53,99,151,314,1069
280,203087,00,0,479,128,10165.0,1872,4204,0.44529,494,1453,0.339986,0.852013,251,1532,1783,766,349,172,406,791,5021
281,1629641,00,0,18,1,184.0,19,39,0.487179,4,15,0.266666,0.75,6,12,18,3,5,6,5,17,54
282,1629724,00,0,3,0,4.0,0,2,0.0,0,1,0.0,0.0,0,0,0,0,0,0,0,0,0
283,1627774,00,0,155,37,2105.0,317,692,0.458092,95,306,0.310457,0.70297,78,220,298,86,58,47,80,182,800
284,1627747,00,0,196,75,4926.0,856,1989,0.430367,233,692,0.336705,0.707171,136,564,700,665,199,49,355,377,2300
285,1628388,00,0,133,2,1161.0,191,385,0.496103,31,87,0.356321,0.614035,92,175,267,39,21,26,28,97,448
286,1629665,00,0,4,0,26.0,4,10,0.4,0,4,0.0,1.0,0,0,0,2,0,0,1,2,10
287,201584,00,0,801,513,21736.0,2943,6524,0.451103,868,2236,0.388193,0.852706,359,1745,2104,1346,795,210,754,1319,7715
288,1627814,00,0,86,37,1870.0,278,666,0.417417,100,291,0.343642,0.856209,49,276,325,138,70,4,77,144,787
289,203458,00,0,452,180,8945.0,1382,2804,0.492867,94,285,0.329824,0.69009,917,1912,2829,387,188,446,561,1204,3624
290,202695,00,0,508,481,15722.0,3377,6872,0.491414,729,1904,0.382878,0.853769,628,2626,3254,1341,904,341,804,870,9363
291,203086,00,0,442,91,7081.0,952,1969,0.483494,322,822,0.391727,0.813291,318,1400,1718,391,82,127,303,956,2483
292,203081,00,0,603,603,21901.0,4784,10964,0.436337,1718,4629,0.371138,0.888919,375,2149,2524,3908,585,189,1673,1206,14503
293,1629642,00,0,39,5,495.0,55,128,0.429687,13,51,0.254901,0.666666,29,70,99,18,10,14,15,62,149
294,1626172,00,0,219,35,3035.0,407,705,0.577304,6,33,0.181818,0.595555,347,465,812,205,102,130,107,408,954
295,201572,00,0,769,731,23567.0,4972,10053,0.494578,508,1497,0.339345,0.79231,1625,3303,4928,1175,446,1384,1386,2078,12966
296,201577,00,0,816,582,18333.0,3011,5687,0.529453,31,122,0.254098,0.75098,1901,2272,4173,675,196,961,895,1593,7202
297,201567,00,0,703,620,22461.0,4227,9546,0.442803,1196,3225,0.370852,0.828018,1958,5888,7846,1656,481,318,1385,1482,12818
298,200768,00,0,899,663,28352.0,4237,10007,0.423403,1655,4515,0.366555,0.807894,730,3128,3858,5551,1209,259,2072,2437,13199
299,1627789,00,0,199,33,3089.0,373,958,0.389352,163,496,0.328629,0.815384,62,315,377,169,76,26,153,372,1121
300,1626168,00,0,342,85,6044.0,939,2178,0.431129,293,877,0.334093,0.703539,269,1162,1431,361,130,117,290,495,2489
301,1629133,00,0,12,0,104.0,11,30,0.366666,6,13,0.461538,0.571428,2,10,12,8,1,0,8,9,32
302,203705,00,0,26,0,254.0,20,61,0.327868,9,26,0.346153,0.9,3,22,25,62,11,2,14,20,58
303,101133,00,0,613,128,10269.0,1193,2235,0.53378,8,48,0.166666,0.613302,930,1757,2687,352,350,442,599,1620,3187
304,1627748,00,0,247,62,3434.0,401,919,0.436343,125,382,0.327225,0.67378,204,475,679,147,89,162,135,437,1148
305,1629611,00,0,33,6,270.0,22,53,0.415094,3,12,0.25,0.75,4,29,33,38,8,5,14,36,56
306,1626246,00,0,214,18,2074.0,482,835,0.577245,7,19,0.368421,0.768878,290,556,846,117,48,78,154,259,1307
307,1628374,00,0,166,165,5097.0,949,2207,0.429995,366,1027,0.356377,0.849019,210,1066,1276,224,115,95,245,317,2697
308,1628997,00,0,8,1,99.0,8,25,0.32,2,8,0.25,0.571428,2,11,13,5,3,2,4,13,22
309,1628998,00,0,37,1,591.0,61,141,0.432624,14,54,0.259259,0.666666,28,76,104,50,27,6,25,57,166
310,1629725,00,0,2,0,11.0,1,4,0.25,0,0,0.0,0.0,0,1,1,1,1,0,0,0,2
311,1629103,00,0,22,4,370.0,50,131,0.381679,18,68,0.264705,1.0,7,65,72,10,6,7,12,40,130
312,1628412,00,0,94,2,1437.0,216,556,0.388489,46,154,0.298701,0.767045,37,138,175,236,51,14,102,108,613
313,1629726,00,0,16,0,202.0,23,50,0.46,18,42,0.428571,0.90625,6,17,23,10,3,1,7,26,93
314,202083,00,0,775,714,24833.0,3517,8292,0.424143,1637,4291,0.381496,0.824462,394,1972,2366,1675,820,155,994,1691,10282
315,1627775,00,0,188,42,3180.0,284,670,0.42388,90,289,0.311418,0.784313,60,237,297,257,131,31,119,215,738
316,203468,00,0,463,366,14179.0,3244,7149,0.453769,963,2417,0.398427,0.830379,275,1218,1493,1391,396,171,799,996,8435
317,204456,00,0,367,75,7932.0,1049,2131,0.492257,87,261,0.333333,0.776859,174,869,1043,1739,439,61,576,536,2373
318,1629667,00,0,5,0,65.0,10,16,0.625,4,7,0.571428,1.0,2,10,12,1,3,0,0,5,27
319,203926,00,0,396,14,7931.0,1215,2621,0.463563,482,1170,0.411965,0.822164,142,726,868,329,75,40,239,557,3231
320,201580,00,0,684,300,11860.0,2328,4054,0.574247,5,33,0.151515,0.591012,1284,2230,3514,273,276,1064,652,1482,5437
321,203585,00,0,204,115,4516.0,467,1139,0.410008,186,553,0.336347,0.638418,190,459,649,282,112,41,143,341,1233
322,1628035,00,0,123,6,1588.0,205,442,0.4638,57,186,0.306451,0.6125,113,243,356,45,40,22,56,206,516
323,1629162,00,0,19,1,362.0,50,110,0.454545,17,50,0.34,0.666666,3,29,32,73,19,2,14,17,127
324,203463,00,0,422,252,10000.0,1361,3248,0.419027,574,1597,0.359423,0.78041,191,836,1027,456,281,83,503,939,3790
325,203895,00,0,117,9,1591.0,288,680,0.423529,80,218,0.366972,0.777173,34,176,210,160,44,30,82,137,799
326,1629740,00,0,42,6,656.0,90,198,0.454545,47,126,0.373015,0.76923,24,93,117,47,24,11,30,82,257
327,1629001,00,0,91,31,1739.0,218,525,0.415238,50,172,0.290697,0.81081,52,231,283,281,122,36,135,186,576
328,1629002,00,0,44,0,210.0,35,87,0.402298,0,2,0.0,0.76,18,41,59,18,7,6,18,17,89
329,203114,00,0,502,427,15820.0,2950,6457,0.456868,870,2209,0.393843,0.873015,298,2013,2311,1670,636,96,952,1305,8090
330,101139,00,0,848,303,17281.0,2883,7016,0.410917,1250,3487,0.358474,0.808888,363,1648,2011,914,601,254,724,1791,8108
331,203121,00,0,253,28,5162.0,523,1252,0.417731,327,856,0.382009,0.82967,49,374,423,346,110,61,163,510,1524
332,1626259,00,0,47,5,310.0,31,75,0.413333,23,58,0.396551,0.571428,6,28,34,12,6,5,9,26,93
333,201988,00,0,659,56,12743.0,2069,4800,0.431041,1035,2649,0.390713,0.845801,207,889,1096,1534,430,52,651,855,5727
334,200794,00,0,980,693,28575.0,5155,10513,0.490345,467,1370,0.340875,0.737115,2198,5014,7212,2224,1254,989,1731,3017,13752
335,1629003,00,0,42,8,597.0,82,199,0.41206,33,101,0.326732,0.756756,15,65,80,51,17,9,29,70,225
336,1628378,00,0,209,201,7061.0,1733,3936,0.440294,504,1424,0.353932,0.819548,147,694,841,840,283,69,576,550,4733
337,1628513,00,0,18,0,127.0,13,37,0.351351,5,23,0.217391,1.0,1,11,12,22,2,2,10,11,33
338,1629690,00,0,6,0,22.0,6,15,0.4,3,7,0.428571,0.0,4,0,4,0,1,0,0,1,15
339,1628370,00,0,188,0,3197.0,576,1458,0.395061,245,759,0.322793,0.85022,48,301,349,314,81,44,207,234,1590
340,1629760,00,0,2,0,5.0,1,2,0.5,0,1,0.0,0.0,0,1,1,1,0,1,0,1,2
341,202734,00,0,556,189,11977.0,1845,4050,0.455555,537,1376,0.390261,0.734265,264,873,1137,999,370,122,501,897,4542
342,1629630,00,0,48,48,1435.0,321,651,0.493087,38,106,0.35849,0.783018,32,138,170,340,48,13,154,76,846
343,1629752,00,0,13,0,53.0,7,13,0.538461,1,4,0.25,0.0,5,9,14,1,0,1,3,6,15
344,202693,00,0,623,347,16028.0,2783,6201,0.448798,516,1495,0.34515,0.777701,789,2569,3358,1049,545,343,1006,1798,7212
345,1628420,00,0,140,14,3159.0,538,1118,0.481216,141,345,0.408695,0.804347,54,239,293,503,116,15,89,155,1328
346,202694,00,0,590,337,15893.0,2618,6061,0.431941,876,2375,0.368842,0.758345,578,2178,2756,890,416,159,708,1269,7157
347,1628405,00,0,45,4,373.0,90,163,0.552147,2,10,0.2,0.589041,34,75,109,26,11,5,30,51,225
348,1626144,00,0,291,164,7049.0,1199,2996,0.4002,272,840,0.323809,0.741035,136,731,867,1127,208,87,655,478,3228
349,1627749,00,0,169,98,3293.0,531,1160,0.457758,46,131,0.351145,0.734848,175,616,791,477,187,50,266,288,1302
350,1627750,00,0,283,208,8232.0,1603,3661,0.437858,514,1432,0.358938,0.882195,222,783,1005,1021,253,92,542,530,4379
351,1629058,00,0,44,0,444.0,59,161,0.366459,16,75,0.213333,0.717391,20,56,76,33,15,1,33,26,167
352,203488,00,0,343,28,5339.0,703,1529,0.459777,256,707,0.362093,0.839228,308,780,1088,319,122,170,218,506,1923
353,1629004,00,0,89,18,1477.0,183,458,0.399563,124,314,0.394904,0.792207,22,93,115,113,44,5,68,94,551
354,1627846,00,0,147,7,1789.0,217,529,0.410207,84,249,0.337349,0.717948,37,207,244,70,49,34,91,161,602
355,1626204,00,0,304,92,7052.0,1009,1879,0.536987,91,285,0.319298,0.696035,631,1382,2013,524,362,161,291,707,2425
356,203894,00,0,329,45,5576.0,746,1888,0.395127,323,935,0.345454,0.814885,98,521,619,789,261,45,409,371,2242
357,2403,00,0,965,626,25234.0,4175,7621,0.547828,7,53,0.132075,0.660455,1688,4140,5828,1719,1041,721,1688,2934,10909
358,203526,00,0,243,56,3296.0,431,974,0.442505,137,363,0.37741,0.775757,45,264,309,440,130,20,230,294,1127
359,1627777,00,0,139,0,1293.0,199,446,0.446188,106,270,0.392592,0.84,27,174,201,75,27,11,53,121,546
360,203457,00,0,345,166,7699.0,1154,2143,0.538497,2,7,0.285714,0.649145,681,1493,2174,415,461,477,475,865,2804
361,1629668,00,0,5,0,41.0,3,12,0.25,3,8,0.375,1.0,0,6,6,3,2,0,3,4,10
362,1629669,00,0,9,0,102.0,14,39,0.358974,3,20,0.15,0.9,2,7,9,11,0,1,3,6,40
363,1628373,00,0,170,50,3619.0,382,1057,0.3614,117,384,0.304687,0.774647,69,303,372,518,140,48,251,407,991
364,1629134,00,0,51,51,1532.0,310,706,0.439093,99,290,0.341379,0.828947,14,125,139,177,44,10,89,113,782
365,203994,00,0,310,229,7103.0,1443,2936,0.491485,3,42,0.071428,0.666357,776,1704,2480,589,261,400,635,956,3608
366,1628021,00,0,161,37,3296.0,412,837,0.492234,55,160,0.34375,0.661016,155,442,597,180,119,65,125,332,1113
367,1626220,00,0,205,67,4400.0,397,883,0.449603,176,456,0.385964,0.795918,66,734,800,356,129,61,171,433,1087
368,203124,00,0,465,64,6622.0,1075,2078,0.517324,31,136,0.227941,0.741273,621,1510,2131,624,186,446,456,952,2542
369,1628400,00,0,179,7,2489.0,183,475,0.385263,96,294,0.32653,0.67619,81,261,342,70,49,12,54,190,533
370,1626143,00,0,217,114,4432.0,1016,1896,0.535864,4,17,0.235294,0.674242,352,741,1093,211,67,187,324,471,2392
371,1629059,00,0,98,19,1566.0,177,447,0.395973,62,196,0.316326,0.722222,26,145,171,225,54,11,98,154,494
372,1629006,00,0,125,69,3004.0,335,845,0.396449,93,347,0.268011,0.76,111,329,440,171,146,54,137,274,1010
373,1629644,00,0,5,0,26.0,3,5,0.6,0,1,0.0,0.5,1,4,5,1,2,1,1,2,7
374,203506,00,0,409,349,13535.0,2619,5939,0.440983,628,1799,0.349082,0.793346,255,1618,1873,1609,684,200,1045,982,7106
375,203482,00,0,481,97,10281.0,1696,3561,0.47627,533,1445,0.368858,0.772678,571,1765,2336,888,341,215,686,1332,4649
376,1629671,00,0,3,0,8.0,0,0,0.0,0,0,0.0,0.0,0,1,1,0,0,0,1,0,0
377,1626224,00,0,191,141,4676.0,669,1525,0.438688,261,720,0.3625,0.713804,90,572,662,362,127,29,222,404,1811
378,1626162,00,0,345,96,8267.0,1324,3066,0.431833,419,1269,0.330181,0.780742,278,1153,1431,321,310,156,358,892,3740
379,1629745,00,0,3,0,15.0,1,5,0.2,0,2,0.0,1.0,2,1,3,0,1,0,0,1,4
380,203953,00,0,279,190,8179.0,1698,3450,0.492173,201,620,0.324193,0.738442,427,1183,1610,583,263,111,512,595,4204
381,202718,00,0,440,369,13247.0,2129,4611,0.461721,687,1844,0.372559,0.712984,356,1616,1972,1201,412,152,657,865,5571
382,1629672,00,0,50,24,1334.0,253,525,0.481904,29,103,0.281553,0.77439,69,165,234,85,29,12,76,106,662
383,1628394,00,0,20,0,370.0,54,102,0.529411,0,2,0.0,0.62,37,57,94,17,8,10,22,58,139
384,202335,00,0,667,99,14141.0,1775,3965,0.447667,573,1559,0.367543,0.752417,797,1893,2690,695,353,288,433,1057,4512
385,1628383,00,0,9,0,49.0,7,19,0.368421,1,6,0.166666,0.5,3,8,11,5,3,0,2,10,16
386,101108,00,0,1003,1003,35031.0,6486,13799,0.470034,1354,3666,0.369339,0.869484,660,3866,4526,9530,2205,130,2416,2465,18523
387,203901,00,0,378,322,11092.0,1710,3785,0.451783,158,536,0.294776,0.624315,429,1231,1660,2489,507,135,910,831,4148
388,1627780,00,0,55,23,742.0,87,211,0.412322,20,76,0.263157,0.454545,39,92,131,83,45,15,37,89,204
389,203658,00,0,16,0,164.0,17,29,0.586206,0,0,0.0,0.5,14,40,54,7,1,23,12,35,40
390,1629033,00,0,46,0,553.0,69,223,0.309417,27,123,0.219512,0.894736,14,70,84,73,21,2,50,48,199
391,203486,00,0,514,257,11169.0,1690,2951,0.572687,2,31,0.064516,0.564102,1021,2195,3216,1134,389,479,762,1388,4306
392,1627751,00,0,267,37,4345.0,636,995,0.639195,1,2,0.5,0.547169,519,744,1263,259,111,268,206,542,1447
393,1629738,00,0,18,0,108.0,14,30,0.466666,1,2,0.5,0.857142,9,24,33,7,2,6,6,22,35
394,1629044,00,0,4,0,11.0,3,5,0.6,1,2,0.5,1.0,0,1,1,2,0,1,0,2,9
395,1629673,00,0,48,10,1033.0,120,407,0.29484,58,219,0.26484,0.838709,6,92,98,95,30,9,49,76,376
396,1629645,00,0,42,2,952.0,157,342,0.459064,43,124,0.346774,0.710526,17,116,133,83,38,7,78,113,411
397,1629008,00,0,39,1,556.0,121,238,0.508403,38,88,0.431818,0.794871,43,128,171,29,17,18,30,66,311
398,203490,00,0,408,295,10973.0,1741,3614,0.481737,543,1342,0.404619,0.791379,471,1549,2020,607,480,180,327,758,4484
399,1626171,00,0,304,53,6185.0,1234,2723,0.453176,258,720,0.358333,0.750551,541,1283,1824,368,154,86,327,565,3066
400,204001,00,0,228,227,7047.0,1472,3399,0.433068,380,1062,0.357815,0.798742,373,1327,1700,310,166,457,402,722,4086
401,203939,00,0,371,88,6956.0,1062,1885,0.563395,103,351,0.293447,0.73903,545,1166,1711,364,251,173,247,782,2867
402,1626181,00,0,293,80,5353.0,877,1931,0.454168,290,810,0.358024,0.814553,94,591,685,373,205,67,290,469,2391
403,1627752,00,0,249,192,6570.0,1029,2476,0.415589,460,1240,0.370967,0.815618,140,935,1075,493,230,109,457,532,2894
404,203944,00,0,364,284,10595.0,2195,4448,0.49348,159,547,0.290676,0.720091,787,2477,3264,1017,240,174,907,1158,5807
405,1629729,00,0,2,0,1.0,0,1,0.0,0,0,0.0,0.0,0,0,0,0,0,0,0,0,0
406,1629629,00,0,48,31,1247.0,153,434,0.352534,62,196,0.316326,0.787878,30,149,179,74,49,22,78,110,446
407,200755,00,0,885,487,22989.0,3853,8596,0.448231,1852,4450,0.416179,0.890982,167,1651,1818,1788,406,83,988,1347,11544
408,1629675,00,0,19,0,216.0,51,122,0.418032,22,61,0.360655,0.761904,14,38,52,14,6,10,12,44,140
409,1629244,00,0,19,0,259.0,33,78,0.423076,21,51,0.411764,0.888888,4,27,31,13,6,2,5,26,95
410,1626196,00,0,300,229,9214.0,1367,3199,0.427321,483,1327,0.363978,0.815873,211,744,955,874,334,199,439,745,3731
411,203085,00,0,534,149,13102.0,1814,4353,0.416724,583,1686,0.345788,0.641148,182,928,1110,1231,369,99,599,1176,4881
412,203460,00,0,295,269,6651.0,563,1168,0.48202,108,421,0.256532,0.467432,348,840,1188,257,264,195,181,641,1356
413,1629130,00,0,69,50,1734.0,243,538,0.451672,201,471,0.426751,0.862745,10,184,194,80,33,13,46,168,731
414,1629010,00,0,78,1,851.0,95,261,0.363984,40,132,0.30303,0.6,8,106,114,69,25,11,41,108,248
415,1629620,00,0,9,0,49.0,5,12,0.416666,3,5,0.6,0.0,1,4,5,7,0,1,3,2,13
416,1629011,00,0,117,26,2514.0,402,565,0.711504,0,0,0.0,0.591269,323,441,764,65,97,255,68,386,953
417,203922,00,0,269,99,4685.0,611,1336,0.457335,168,449,0.374164,0.761363,179,510,689,208,136,54,140,242,1591
418,1629676,00,0,1,0,2.0,0,1,0.0,0,0,0.0,0.0,0,0,0,0,0,0,0,0,0
419,200765,00,0,863,728,26916.0,3703,8070,0.458859,378,1187,0.318449,0.607323,872,3244,4116,7176,1441,115,2425,1878,8862
420,201565,00,0,591,499,19283.0,4339,9515,0.456016,465,1528,0.304319,0.82594,494,1527,2021,3316,446,202,1561,774,11098
421,203082,00,0,545,176,13362.0,2166,5174,0.418631,1009,2750,0.366909,0.822981,197,1330,1527,593,459,183,491,943,5871
422,1626179,00,0,325,83,7248.0,1085,2775,0.39099,473,1303,0.363008,0.808247,202,1012,1214,849,254,62,340,427,3035
423,201937,00,0,545,524,16842.0,1980,5089,0.389074,464,1434,0.32357,0.837662,365,1934,2299,4220,1023,75,1487,1423,6101
424,1626156,00,0,307,259,8879.0,1969,4682,0.420546,717,2005,0.357605,0.767898,176,951,1127,1603,350,76,882,575,5320
425,1627734,00,0,281,142,7079.0,1324,2543,0.520644,86,271,0.317343,0.723095,555,1643,2198,696,165,121,522,833,3332
426,1627734,00,0,281,142,7079.0,1324,2543,0.520644,86,271,0.317343,0.723095,555,1643,2198,696,165,121,522,833,3332
427,203960,00,0,191,88,3011.0,394,857,0.459743,57,225,0.253333,0.661596,118,388,506,140,79,92,164,363,1019
428,203967,00,0,288,193,7650.0,1261,2904,0.434228,439,1248,0.351762,0.837209,465,1313,1778,601,183,71,487,611,3501
429,203107,00,0,265,142,6101.0,725,1524,0.475721,179,473,0.378435,0.817721,236,560,796,1071,231,41,347,475,1952
430,1629678,00,0,26,2,292.0,30,75,0.4,14,47,0.297872,0.692307,6,28,34,14,8,3,7,41,83
431,203471,00,0,484,176,12310.0,2571,5904,0.435467,547,1627,0.336201,0.827067,201,1171,1372,2213,381,60,1145,920,6789
432,203118,00,0,491,18,8071.0,1318,2882,0.457321,422,1172,0.360068,0.762711,346,1199,1545,434,154,59,332,720,3418
433,200757,00,0,866,475,19033.0,1916,4258,0.449976,513,1465,0.35017,0.731073,626,2623,3249,1195,931,366,754,1417,4992
434,1629012,00,0,136,126,4342.0,929,2097,0.443013,191,493,0.387423,0.848156,112,296,408,389,97,13,303,299,2440
435,1629013,00,0,116,52,2865.0,367,849,0.432273,257,617,0.416531,0.839416,25,186,211,187,52,18,72,263,1106
436,1629621,00,0,2,0,10.0,1,5,0.2,1,3,0.333333,0.0,0,3,3,1,0,0,1,0,3
437,202697,00,0,459,246,11460.0,1224,3126,0.391554,489,1447,0.33794,0.763527,323,1210,1533,845,513,120,529,1058,3318
438,1627783,00,0,260,166,6624.0,1260,2489,0.506227,202,610,0.331147,0.763033,319,1111,1430,576,205,178,359,638,3205
439,1629735,00,0,37,0,289.0,41,65,0.630769,0,2,0.0,0.688888,51,53,104,18,9,17,30,75,113
440,1627732,00,0,213,213,7358.0,1443,2573,0.560823,2,23,0.086956,0.594671,424,1353,1777,1712,367,162,743,593,3513
441,1628424,00,0,33,12,645.0,80,189,0.42328,11,39,0.282051,1.0,14,36,50,68,18,5,44,61,196
442,1629014,00,0,75,5,1360.0,215,514,0.418287,74,217,0.341013,0.776595,25,124,149,96,18,9,64,117,577
443,1629346,00,0,12,0,118.0,19,36,0.527777,3,11,0.272727,0.833333,8,16,24,9,2,4,9,12,56
444,203935,00,0,383,171,11000.0,1227,3289,0.373061,540,1704,0.316901,0.7713,345,1009,1354,1537,595,142,648,991,3682
445,202397,00,0,595,158,11918.0,1952,4533,0.430619,244,775,0.314838,0.67737,212,1237,1449,2299,424,142,751,778,4591
446,1629015,00,0,13,2,143.0,17,45,0.377777,6,19,0.315789,0.666666,3,12,15,12,5,2,8,12,48
447,1628372,00,0,152,121,4022.0,742,1850,0.401081,187,595,0.314285,0.645569,101,384,485,694,157,46,399,337,1926
448,203503,00,0,492,266,11010.0,1155,2699,0.427936,610,1578,0.386565,0.832214,136,998,1134,549,228,115,282,682,3168
449,1629034,00,0,14,3,148.0,25,47,0.531914,0,3,0.0,0.333333,15,33,48,5,9,8,9,23,54
450,1629016,00,0,95,14,1691.0,225,539,0.417439,87,238,0.365546,0.766423,149,264,413,94,59,49,85,130,642
451,1629622,00,0,2,0,6.0,2,3,0.666666,0,1,0.0,1.0,1,0,1,0,0,0,0,1,5
452,1628410,00,0,44,4,480.0,58,145,0.4,15,53,0.283018,0.621621,17,37,54,38,25,11,25,55,154
453,1628403,00,0,66,4,566.0,60,149,0.402684,2,17,0.117647,0.594594,53,133,186,41,13,10,59,105,144
454,1628369,00,0,208,208,6557.0,1255,2764,0.454052,347,886,0.391647,0.834532,171,1046,1217,441,235,158,341,440,3437
455,201952,00,0,760,592,21001.0,3391,7625,0.444721,666,1868,0.356531,0.843823,253,1626,1879,4420,897,262,1723,1471,9593
456,202066,00,0,562,242,11782.0,1250,3100,0.403225,536,1541,0.347826,0.731366,224,1034,1258,952,475,173,530,1069,3507
457,1628464,00,0,176,51,2919.0,429,786,0.545801,64,190,0.336842,0.733905,276,517,793,201,82,153,126,476,1093
458,202738,00,0,525,361,15181.0,3091,7096,0.435597,1011,2781,0.363538,0.872268,278,1009,1287,2599,464,56,1221,1109,9508
459,1629017,00,0,28,0,201.0,22,69,0.31884,10,35,0.285714,0.615384,4,16,20,8,7,5,4,22,62
460,1629744,00,0,24,0,250.0,39,80,0.4875,26,54,0.481481,0.714285,4,29,33,13,7,0,8,21,109
461,202691,00,0,615,578,20338.0,4512,9822,0.459376,1798,4290,0.419114,0.847543,273,1857,2130,1416,561,332,1053,1313,11995
462,202684,00,0,612,426,17182.0,2309,4456,0.518177,7,23,0.304347,0.612189,2096,3236,5332,607,316,441,710,1425,5760
463,1629680,00,0,47,10,954.0,80,196,0.408163,47,126,0.373015,0.648648,25,49,74,57,68,40,40,107,231
464,201229,00,0,706,101,13863.0,1443,3473,0.41549,844,2265,0.372626,0.769784,537,1836,2373,638,262,212,450,1150,4372
465,1626157,00,0,358,358,12307.0,3063,5741,0.53353,507,1280,0.396093,0.830993,1121,3088,4209,992,278,523,904,1180,8113
466,1629018,00,0,58,3,877.0,122,297,0.410774,68,177,0.38418,0.785714,19,58,77,43,30,12,16,58,334
467,1629019,00,0,84,4,1705.0,269,603,0.446102,67,178,0.376404,0.801526,35,188,223,143,30,18,136,141,815
468,200782,00,0,636,460,18613.0,1705,4029,0.423181,661,1829,0.361399,0.749406,997,2702,3699,912,776,192,643,1576,4702
469,1629730,00,0,12,0,74.0,8,19,0.421052,0,6,0.0,0.6,2,9,11,2,1,0,3,7,19
470,202323,00,0,705,295,18939.0,2748,6331,0.434054,270,917,0.294438,0.781966,388,2890,3278,2462,532,184,1267,1380,6824
471,1626167,00,0,325,292,9171.0,1582,3235,0.489026,240,671,0.357675,0.77044,453,1693,2146,405,229,662,428,913,4139
472,202685,00,0,540,512,13628.0,2641,4702,0.561675,72,198,0.363636,0.781231,1405,3297,4702,487,206,571,826,1507,6661
473,1627756,00,0,164,37,3437.0,469,1173,0.399829,252,679,0.371134,0.77027,63,538,601,341,115,23,168,311,1247
474,1627832,00,0,222,73,5195.0,790,1918,0.411887,355,899,0.394883,0.838709,68,493,561,891,227,55,275,381,2273
475,1629020,00,0,28,0,116.0,14,27,0.518518,0,2,0.0,0.666666,10,22,32,5,9,2,15,14,36
476,1629216,00,0,4,0,41.0,4,19,0.210526,4,16,0.25,0.0,0,3,3,3,1,0,0,2,12
477,203943,00,0,329,171,5654.0,636,1385,0.459205,92,297,0.309764,0.691566,468,1269,1737,254,137,136,264,606,1651
478,202696,00,0,580,519,17520.0,4027,8084,0.498144,252,751,0.335552,0.744057,1574,4339,5913,1474,500,550,1007,1472,9245
479,1629731,00,0,10,0,54.0,7,10,0.7,2,3,0.666666,0.0,2,14,16,1,2,3,3,7,16
480,1629021,00,0,69,9,973.0,185,364,0.508241,45,140,0.321428,0.798165,53,181,234,57,29,28,88,152,502
481,203079,00,0,412,211,11670.0,2075,5037,0.411951,568,1630,0.348466,0.691552,164,931,1095,1146,387,109,748,797,5422
482,202689,00,0,650,605,22042.0,4491,10718,0.419014,1435,3981,0.360462,0.837345,380,2117,2497,3531,844,258,1413,984,12991
483,1629022,00,0,63,3,752.0,118,279,0.422939,29,75,0.386666,0.721311,18,93,111,43,31,11,31,64,309
484,202322,00,0,573,561,20544.0,3942,9107,0.432853,539,1663,0.324113,0.78117,330,2153,2483,5282,976,396,2191,1289,10879
485,1627820,00,0,106,19,1639.0,216,508,0.425196,15,74,0.202702,0.671052,44,184,228,126,55,21,92,185,549
486,1628476,00,0,39,1,369.0,25,61,0.409836,16,38,0.421052,0.866666,4,27,31,38,11,3,6,26,79
487,202954,00,0,88,0,1316.0,165,372,0.443548,44,115,0.382608,0.9,16,129,145,195,50,13,76,128,482
488,203933,00,0,313,217,8912.0,1949,3871,0.503487,213,612,0.348039,0.772959,426,845,1271,364,310,158,313,728,4717
489,1629023,00,0,47,46,1414.0,209,451,0.463414,59,157,0.375796,0.654545,42,215,257,96,44,38,74,130,549
490,1629139,00,0,24,0,223.0,21,65,0.323076,4,20,0.2,0.642857,5,34,39,9,5,2,7,16,55
491,1629682,00,0,9,0,73.0,10,28,0.357142,2,15,0.133333,1.0,0,7,7,10,5,2,8,10,28
492,1628778,00,0,4,0,22.0,0,7,0.0,0,3,0.0,0.5,0,3,3,4,1,0,0,1,1
493,1629683,00,0,1,0,4.0,0,1,0.0,0,0,0.0,0.0,0,0,0,0,0,0,0,0,0
494,201566,00,0,866,849,29949.0,7099,16274,0.436217,965,3176,0.303841,0.800618,1445,4675,6120,7221,1515,266,3523,2224,20082
495,1629632,00,0,55,0,1337.0,223,602,0.370431,98,290,0.337931,0.747252,25,167,192,132,41,4,80,91,612
496,1628401,00,0,136,66,3104.0,457,971,0.470648,104,289,0.359861,0.804964,67,366,433,449,100,92,165,260,1245
497,202355,00,0,394,310,10500.0,2242,3869,0.579477,6,22,0.272727,0.608282,1326,3301,4627,262,235,952,641,1045,5386
498,203952,00,0,445,445,15937.0,3241,7340,0.441553,528,1581,0.333965,0.73372,555,1375,1930,1034,443,266,937,962,8779
499,1629684,00,0,51,4,794.0,71,164,0.432926,20,70,0.285714,0.714285,51,86,137,54,21,28,42,119,197
500,1629140,00,0,35,5,507.0,81,135,0.6,0,4,0.0,0.566037,63,79,142,19,9,13,20,73,192
501,1629026,00,0,81,47,1858.0,156,422,0.369668,77,252,0.305555,0.511627,104,293,397,136,70,40,57,176,411
502,101150,00,0,987,118,24534.0,4583,10913,0.419957,1330,3813,0.348806,0.84047,385,1830,2215,3394,866,179,1712,1317,14284
503,101107,00,0,1056,828,29857.0,3906,8819,0.442907,1035,2857,0.362268,0.807767,1262,4214,5476,1354,814,569,1013,2126,10906
504,1629057,00,0,51,3,552.0,69,100,0.69,0,0,0.0,0.586206,50,118,168,28,26,61,26,70,155
505,1628430,00,0,9,0,28.0,1,7,0.142857,0,2,0.0,1.0,2,3,5,5,1,1,2,2,4
506,1629627,00,0,9,9,243.0,72,125,0.576,4,10,0.4,0.630769,32,37,69,21,7,3,25,15,189
507,1628391,00,0,96,3,1188.0,145,346,0.419075,59,177,0.333333,0.571428,53,231,284,73,22,25,48,114,381
508,1628391,00,0,96,3,1188.0,145,346,0.419075,59,177,0.333333,0.571428,53,231,284,73,22,25,48,114,381
509,1626159,00,0,241,105,6850.0,856,2053,0.41695,190,563,0.337477,0.645833,247,1048,1295,658,227,89,371,591,2181
510,1626174,00,0,104,7,1516.0,303,561,0.540106,53,146,0.363013,0.727598,122,332,454,56,39,68,87,114,862
511,1626174,00,0,104,7,1516.0,303,561,0.540106,53,146,0.363013,0.727598,122,332,454,56,39,68,87,114,862
512,1626153,00,0,251,22,4923.0,673,1499,0.448965,155,457,0.339168,0.791284,195,557,752,715,251,95,245,289,1846
513,1626153,00,0,251,22,4923.0,673,1499,0.448965,155,457,0.339168,0.791284,195,557,752,715,251,95,245,289,1846
514,201152,00,0,955,681,28986.0,5404,10846,0.498248,467,1414,0.330268,0.670301,1913,3742,5655,1583,1379,384,1379,2089,12566
515,1629027,00,0,131,131,4264.0,984,2291,0.429506,329,951,0.345951,0.840961,93,428,521,1112,130,20,551,223,3032
516,203469,00,0,411,244,9427.0,1319,2581,0.511042,27,108,0.25,0.733218,805,1635,2440,568,278,296,441,1090,3517
517,1627790,00,0,107,27,1455.0,260,447,0.581655,0,0,0.0,0.72159,146,289,435,61,21,39,77,163,647
518,1627826,00,0,194,100,3024.0,574,1030,0.557281,0,6,0.0,0.749271,340,686,1026,175,47,153,172,378,1405
