player_id,player_name,team,height,weight,seasons,points,games,games_started,minutes_played,field_goals_made,3_pntrs_made,field_goals_pct_made,3_pntrs_pct_made,ft_pct,field_goals_assisted,3_pntrs_assists,rebounds,assists_to_turnovers,offensive_rebounds,defensive_rebounds,steals,blocks,turnovers,personal_fouls,start_year,country,19_20_salary,20_21_salary,avg_pnts_per_game,pct_of_games_started,heights_inches,draft_1st_pick,draft_2nd_pick,draft_undrafted,draft_number_group,draft_nmbr_grp_rank
1626147,Justin Anderson,BKN,6-6,230.0,4,1157,219,23,2874.0,409,138,0.41777299999999995,0.3,0.776061,979,460,556,143,136,420,97,69,129,258,2015,USA,98143,0,5.28310502283105,0.1050228310502283,78,1,0,0,21-30,3
201583,Ryan Anderson,HOU,6-9,240.0,11,8001,649,289,16768.0,2755,1325,0.421705,0.37954699999999997,0.8535870000000001,6533,3491,3413,586,1247,2166,332,217,606,1263,2008,USA,5714583,5214583,12.328197226502311,0.4453004622496148,81,1,0,0,21-30,3
1627733,Dragan Bender,MIL,7-1,249.0,3,933,178,64,3560.0,342,172,0.39629200000000003,0.322701,0.647058,863,533,667,218,97,570,50,102,186,346,2016,Croatia,1678854,0,5.241573033707865,0.3595505617977528,85,1,0,0,1-10,1
1629151,Ryan Broekhoff,DAL,6-6,215.0,1,238,59,1,634.0,79,58,0.42702700000000005,0.402777,0.814814,185,144,106,33,13,93,11,8,22,50,2018,Australia,1416852,0,4.033898305084746,0.01694915254237288,78,0,0,1,Undrafted,8
203504,Trey Burke,PHI,6-0,185.0,6,4071,386,128,8857.0,1577,464,0.40961000000000003,0.342688,0.797535,3850,1354,776,1354,149,627,217,44,487,526,2013,USA,2028594,0,10.546632124352332,0.3316062176165803,72,1,0,0,1-10,1
1629076,Tyler Cook,CLE,6-8,255.0,0,19,11,0,35.0,7,0,0.7,0.0,0.833333,10,0,10,1,4,6,1,0,1,4,2019,USA,126878,0,1.7272727272727273,0.0,80,0,0,1,Undrafted,8
1627740,Henry Ellenson,BKN,6-10,240.0,3,327,81,2,749.0,116,47,0.371794,0.343065,0.774193,312,137,194,44,25,169,13,3,41,56,2016,USA,79568,0,4.037037037037037,0.024691358024691357,82,1,0,0,11-20,2
204025,Tim Frazier,DET,6-0,170.0,5,1365,272,81,4818.0,498,125,0.407862,0.328947,0.734939,1221,380,627,1092,134,493,188,24,360,483,2014,USA,1620564,0,5.018382352941177,0.2977941176470588,72,0,0,1,Undrafted,8
201145,Jeff Green,UTA,6-8,235.0,11,11553,890,544,26373.0,4193,905,0.43983999999999995,0.33321,0.8046949999999999,9533,2716,3956,1391,823,3133,641,476,1341,1955,2007,USA,2564753,0,12.980898876404494,0.6112359550561798,80,1,0,0,1-10,1
1628985,Devon Hall,OKC,6-2,215.0,0,5,5,0,20.0,1,0,0.2,0.0,0.75,5,2,1,3,0,1,0,0,1,1,2019,USA,79568,0,1.0,0.0,74,0,1,0,51-60,6
1628518,Amile Jefferson,ORL,6-9,222.0,1,42,30,0,143.0,15,0,0.5,0.0,0.545454,30,0,44,7,16,28,4,6,4,15,2017,USA,1339515,0,1.4,0.0,81,0,0,1,Undrafted,8
204020,Tyler Johnson,PHX,6-3,186.0,5,3146,301,71,7740.0,1136,371,0.42997700000000005,0.358108,0.7702899999999999,2642,1036,956,735,170,786,267,136,349,572,2014,USA,19245370,0,10.451827242524917,0.23588039867109634,75,0,0,1,Undrafted,8
1629742,Stanton Kidd,UTA,6-6,216.0,0,0,4,0,15.0,0,0,0.0,0.0,0.0,3,1,3,1,0,3,0,0,2,3,2019,USA,250000,0,0.0,0.0,78,0,0,1,Undrafted,8
1629133,Daryl Macon,MIA,6-2,185.0,1,32,12,0,104.0,11,6,0.366666,0.461538,0.5714279999999999,30,13,12,8,2,10,1,0,8,9,2018,USA,79568,0,2.6666666666666665,0.0,74,0,0,1,Undrafted,8
203705,Josh Magette,ORL,6-1,160.0,1,58,26,0,254.0,20,9,0.327868,0.34615300000000004,0.9,61,26,25,62,3,22,11,2,14,20,2017,USA,161245,0,2.230769230769231,0.0,73,0,0,1,Undrafted,8
101139,CJ Miles,WAS,6-6,220.0,14,8108,848,303,17281.0,2883,1250,0.41091700000000003,0.35847399999999996,0.808888,7016,3487,2011,914,363,1648,601,254,724,1791,2005,USA,8730158,0,9.56132075471698,0.357311320754717,78,0,1,0,31-40,4
1628021,David Nwaba,BKN,6-5,219.0,3,1113,161,37,3296.0,412,55,0.492234,0.34375,0.6610159999999999,837,160,597,180,155,442,119,65,125,332,2016,USA,716449,0,6.913043478260869,0.22981366459627328,77,0,0,1,Undrafted,8
202718,Chandler Parsons,ATL,6-9,230.0,8,5571,440,369,13247.0,2129,687,0.461721,0.37255900000000003,0.7129840000000001,4611,1844,1972,1201,356,1616,412,152,657,865,2011,USA,25102512,0,12.661363636363637,0.8386363636363636,81,0,1,0,31-40,4
1628383,Justin Patton,OKC,6-11,241.0,2,16,9,0,49.0,7,1,0.368421,0.166666,0.5,19,6,11,5,3,8,3,0,2,10,2017,USA,1620564,0,1.7777777777777777,0.0,83,1,0,0,11-20,2
1629044,Shamorie Ponds,TOR,6-0,175.0,0,9,4,0,11.0,3,1,0.6,0.5,1.0,5,2,1,2,0,1,0,1,0,2,2019,USA,79568,0,2.25,0.0,72,0,0,1,Undrafted,8
1629620,Justin Robinson,WAS,6-1,195.0,0,13,9,0,49.0,5,3,0.416666,0.6,0.0,12,5,5,7,1,4,0,1,3,2,2019,USA,385715,0,1.4444444444444444,0.0,73,0,0,1,Undrafted,8
202697,Iman Shumpert,BKN,6-5,215.0,8,3318,459,246,11460.0,1224,489,0.391554,0.33794,0.7635270000000001,3126,1447,1533,845,323,1210,513,120,529,1058,2011,USA,406335,0,7.228758169934641,0.5359477124183006,77,1,0,0,11-20,2
202738,Isaiah Thomas,WAS,5-9,185.0,8,9508,525,361,15181.0,3091,1011,0.435597,0.36353800000000003,0.872268,7096,2781,1287,2599,278,1009,464,56,1221,1109,2011,USA,2320044,0,18.11047619047619,0.6876190476190476,69,0,1,0,51-60,6
203079,Dion Waiters,MIA,6-3,210.0,7,5422,412,211,11670.0,2075,568,0.411951,0.348466,0.6915520000000001,5037,1630,1095,1146,164,931,387,109,748,797,2012,USA,12100000,12650000,13.160194174757281,0.5121359223300971,75,1,0,0,1-10,1
1627820,Tyrone Wallace,ATL,6-5,198.0,2,549,106,19,1639.0,216,15,0.425196,0.202702,0.6710520000000001,508,74,228,126,44,184,55,21,92,185,2017,USA,494409,0,5.179245283018868,0.1792452830188679,77,0,1,0,51-60,6
203500,Steven Adams,OKC,6-11,265.0,6,5020,515,451,13822.0,2087,0,0.5878869999999999,0.0,0.556945,3550,9,3890,593,1776,2114,452,517,737,1358,2013,New Zealand,25842697,27528088,9.74757281553398,0.8757281553398059,83,1,0,0,11-20,2
1628389,Bam Adebayo,MIA,6-9,255.0,2,2061,205,101,5146.0,788,4,0.561653,0.12121199999999999,0.709439,1403,33,1540,551,423,1117,170,170,332,471,2017,USA,3454080,5115492,10.053658536585365,0.4926829268292683,81,1,0,0,11-20,2
200746,LaMarcus Aldridge,SAS,6-11,250.0,13,19552,1000,959,34425.0,7900,180,0.49166000000000004,0.314685,0.810896,16068,572,8347,1977,2679,5668,729,1106,1569,2465,2006,USA,26000000,24000000,19.552,0.959,83,1,0,0,1-10,1
1629638,Nickeil Alexander-Walker,NOP,6-5,205.0,0,211,41,0,501.0,77,40,0.33920700000000004,0.34188,0.607142,227,117,80,74,8,72,11,7,40,46,2019,Canada,2964840,3113160,5.146341463414634,0.0,77,1,0,0,11-20,2
1628960,Grayson Allen,MEM,6-4,198.0,1,432,68,2,914.0,146,65,0.412429,0.342105,0.789473,354,190,89,68,8,81,12,7,56,83,2018,USA,2429400,2545320,6.352941176470588,0.029411764705882353,76,1,0,0,21-30,3
1628386,Jarrett Allen,BKN,6-11,243.0,2,2046,205,160,4947.0,798,11,0.60363,0.16923,0.699044,1322,65,1573,233,500,1073,104,285,244,457,2017,USA,2376840,3909902,9.980487804878049,0.7804878048780488,83,1,0,0,21-30,3
1628443,Kadeem Allen,NYK,6-1,200.0,2,258,47,2,640.0,90,22,0.43478199999999995,0.349206,0.7567560000000001,207,63,71,109,14,57,24,8,43,68,2017,USA,79568,0,5.48936170212766,0.0425531914893617,73,0,1,0,51-60,6
202329,Al-Farouq Aminu,ORL,6-8,220.0,9,5248,688,431,17264.0,1910,535,0.420519,0.335003,0.744787,4542,1597,4170,848,960,3210,659,388,835,1273,2010,USA,9258000,9720900,7.627906976744186,0.626453488372093,80,1,0,0,1-10,1
203937,Kyle Anderson,MEM,6-9,230.0,5,1856,348,149,6751.0,749,66,0.492763,0.3,0.6985640000000001,1520,220,1370,675,240,1130,331,183,301,486,2014,USA,9073050,9505100,5.333333333333333,0.4281609195402299,81,1,0,0,21-30,3
203507,Giannis Antetokounmpo,MIL,6-11,242.0,6,10183,513,448,16703.0,3717,293,0.5248510000000001,0.285296,0.7229899999999999,7082,1027,4490,2201,866,3624,611,677,1404,1543,2013,Greece,25842697,27528088,19.84990253411306,0.8732943469785575,83,1,0,0,11-20,2
1628961,Kostas Antetokounmpo,LAL,6-10,200.0,1,2,5,0,16.0,0,0,0.0,0.0,0.5,3,0,2,1,0,2,2,0,1,0,2018,Greece,79568,0,0.4,0.0,82,0,1,0,51-60,6
203648,Thanasis Antetokounmpo,MIL,6-6,219.0,1,36,17,1,67.0,16,0,0.592592,0.0,0.44444399999999995,27,4,8,6,6,2,2,1,5,11,2015,Greece,1445697,1701593,2.1176470588235294,0.058823529411764705,78,0,1,0,51-60,6
2546,Carmelo Anthony,POR,6-8,238.0,16,26153,1104,1096,39428.0,9367,1417,0.447817,0.34713299999999997,0.811739,20917,4082,7203,3225,1870,5333,1114,546,2902,3180,2003,USA,2159029,0,23.6893115942029,0.9927536231884058,80,1,0,0,1-10,1
1628384,OG Anunoby,TOR,6-7,232.0,2,1460,195,121,4408.0,567,208,0.47527200000000003,0.357388,0.6243380000000001,1193,582,672,185,162,510,162,71,165,398,2017,United Kingdom,2281800,3872215,7.487179487179487,0.6205128205128205,79,1,0,0,21-30,3
1627853,Ryan Arcidiacono,CHI,6-3,195.0,2,806,156,32,3031.0,278,136,0.435054,0.376731,0.8382350000000001,639,361,332,383,44,288,99,7,106,270,2017,USA,3000000,3000000,5.166666666666667,0.20512820512820512,75,0,0,1,Undrafted,8
2772,Trevor Ariza,TOT,6-8,215.0,15,11095,1054,721,31297.0,3966,1516,0.422544,0.35133200000000003,0.730053,9386,4315,5080,2275,1038,4042,1569,327,1422,2106,2004,USA,12200000,12800000,10.526565464895636,0.6840607210626186,80,0,1,0,41-50,5
1629028,Deandre Ayton,PHX,6-11,250.0,1,1590,94,88,2943.0,702,0,0.571661,0.0,0.7591829999999999,1228,6,1005,175,314,691,78,104,170,281,2018,Bahamas,9562920,10018200,16.914893617021278,0.9361702127659575,83,1,0,0,1-10,1
1628407,Dwayne Bacon,CHA,6-6,221.0,2,715,135,30,2159.0,279,68,0.402597,0.345177,0.717741,693,197,313,137,27,286,51,9,78,170,2017,USA,1618520,2023150,5.296296296296297,0.2222222222222222,78,0,1,0,31-40,4
1628366,Lonzo Ball,NOP,6-6,190.0,2,1536,145,132,4670.0,592,271,0.385919,0.331295,0.473684,1534,818,890,943,176,714,217,83,374,319,2017,USA,8719320,11003782,10.593103448275862,0.9103448275862069,78,1,0,0,1-10,1
1628964,Mo Bamba,ORL,7-0,231.0,1,565,97,1,1513.0,228,50,0.475,0.32051199999999996,0.621052,480,156,482,72,139,343,33,136,82,195,2018,USA,5697600,5969040,5.824742268041237,0.010309278350515464,84,1,0,0,1-10,1
203084,Harrison Barnes,SAC,6-8,225.0,7,8105,594,533,18462.0,2996,729,0.446431,0.372699,0.795859,6711,1956,2909,950,592,2317,413,113,696,991,2012,USA,24147727,22215909,13.644781144781145,0.8973063973063973,80,1,0,0,1-10,1
1629628,RJ Barrett,NYK,6-6,214.0,0,614,45,44,1372.0,221,48,0.387719,0.31788,0.610837,570,151,229,109,45,184,44,16,94,102,2019,Canada,7839960,8231760,13.644444444444444,0.9777777777777777,78,1,0,0,1-10,1
203115,Will Barton,DEN,6-5,181.0,7,5343,486,151,11792.0,1979,551,0.43275699999999995,0.346758,0.7853100000000001,4573,1589,2035,1215,368,1667,362,200,656,762,2012,USA,12776786,13723214,10.993827160493828,0.31069958847736623,77,0,1,0,31-40,4
1628966,Keita Bates-Diop,TOT,6-8,229.0,1,409,69,3,1169.0,149,44,0.42571400000000004,0.301369,0.690721,350,146,195,47,37,158,35,35,28,67,2018,USA,1416852,1663861,5.927536231884058,0.043478260869565216,80,0,1,0,41-50,5
201587,Nicolas Batum,CHA,6-9,230.0,11,9118,789,714,24732.0,3245,1247,0.434404,0.356693,0.841047,7470,3496,4137,2967,835,3302,747,500,1449,1398,2008,France,25565217,27130434,11.55640050697085,0.9049429657794676,81,1,0,0,21-30,3
203382,Aron Baynes,PHX,6-10,260.0,7,2688,460,134,7212.0,1072,67,0.497217,0.311627,0.798994,2156,215,2076,369,701,1375,98,228,388,1020,2012,Australia,5453280,0,5.843478260869565,0.29130434782608694,82,0,0,1,Undrafted,8
203145,Kent Bazemore,TOT,6-4,195.0,7,4638,537,278,11313.0,1652,572,0.411867,0.34878000000000003,0.725023,4011,1640,1697,991,192,1505,546,262,783,1063,2012,USA,19269663,0,8.636871508379889,0.5176908752327747,76,0,0,1,Undrafted,8
1629647,Darius Bazley,OKC,6-8,208.0,0,238,53,8,909.0,88,30,0.382608,0.3,0.680851,230,100,196,29,21,175,20,35,40,45,2019,USA,2284800,2399160,4.490566037735849,0.1509433962264151,80,1,0,0,21-30,3
203078,Bradley Beal,WAS,6-3,207.0,7,11024,534,500,18414.0,4028,1188,0.451974,0.37714200000000003,0.8050649999999999,8912,3150,2130,2109,443,1687,599,209,1195,1173,2012,USA,27093018,28751774,20.644194756554306,0.9363295880149812,75,1,0,0,1-10,1
1627736,Malik Beasley,TOT,6-4,187.0,3,1587,209,22,3470.0,596,272,0.443122,0.38363800000000003,0.80921,1345,709,385,196,67,318,110,23,130,220,2016,USA,2731713,3895423,7.5933014354066986,0.10526315789473684,76,1,0,0,11-20,2
201158,Marco Belinelli,SAS,6-5,220.0,12,8265,850,219,19373.0,2915,1195,0.42338400000000004,0.37519600000000003,0.844686,6885,3185,1746,1421,183,1563,485,64,845,1215,2007,Italy,5846154,0,9.723529411764705,0.2576470588235294,77,1,0,0,11-20,2
1628395,Jordan Bell,MIN,6-8,216.0,2,568,152,16,1832.0,247,2,0.565217,0.13333299999999998,0.631578,437,15,469,192,143,326,57,117,111,189,2017,USA,1620564,0,3.736842105263158,0.10526315789473684,80,0,1,0,31-40,4
202722,Davis Bertans,WAS,6-10,225.0,3,2025,264,32,4816.0,681,464,0.44192,0.41025600000000007,0.8540770000000001,1541,1131,718,299,94,624,113,118,153,409,2016,Latvia,7000000,0,7.670454545454546,0.12121212121212122,82,0,1,0,41-50,5
201976,Patrick Beverley,LAC,6-1,180.0,7,3776,420,340,11880.0,1335,677,0.413825,0.378212,0.760638,3226,1790,1849,1471,495,1354,501,191,548,1321,2012,USA,12345680,13333333,8.99047619047619,0.8095238095238095,73,0,1,0,41-50,5
203920,Khem Birch,ORL,6-9,233.0,2,571,130,25,1994.0,215,0,0.5512819999999999,0.0,0.668246,390,2,550,107,219,331,49,71,64,201,2017,Canada,3000000,3000000,4.392307692307693,0.19230769230769232,81,0,0,1,Undrafted,8
1629048,Goga Bitadze,IND,6-11,250.0,0,128,42,2,362.0,52,4,0.48148100000000005,0.16,0.689655,108,25,87,19,22,65,3,27,21,50,2019,Georgia,2816760,2957520,3.0476190476190474,0.047619047619047616,83,1,0,0,11-20,2
202687,Bismack Biyombo,CHA,6-8,255.0,8,3218,628,268,12701.0,1211,0,0.519965,0.0,0.575144,2329,2,3923,327,1242,2681,158,840,569,1389,2011,Democratic Republic of the Congo,17000000,0,5.124203821656051,0.4267515923566879,80,1,0,0,1-10,1
202357,Nemanja Bjelica,SAC,6-10,234.0,4,2571,323,143,6958.0,967,394,0.46647299999999997,0.398382,0.773885,2073,989,1516,543,374,1142,217,145,319,813,2015,Serbia,6825000,7150000,7.959752321981425,0.44272445820433437,82,0,1,0,31-40,4
202339,Eric Bledsoe,MIL,6-1,214.0,9,8755,616,454,17148.0,3116,664,0.456891,0.335862,0.796145,6820,1977,2448,2970,505,1943,890,297,1620,1269,2010,USA,15625000,16875000,14.212662337662337,0.737012987012987,73,1,0,0,11-20,2
203992,Bogdan Bogdanovic,SAC,6-6,220.0,2,2527,191,79,5335.0,930,375,0.43075399999999997,0.372393,0.802197,2159,1007,602,659,86,516,184,42,319,405,2017,Serbia,8529386,0,13.230366492146597,0.41361256544502617,78,1,0,0,21-30,3
202711,Bojan Bogdanovic,UTA,6-8,226.0,5,6407,452,335,12852.0,2254,852,0.46179,0.395176,0.855392,4881,2156,1566,670,216,1350,251,36,699,730,2014,Croatia,17000000,17850000,14.174778761061948,0.7411504424778761,80,0,1,0,31-40,4
1628413,Jonah Bolden,TOT,6-8,225.0,1,217,49,10,679.0,84,34,0.491228,0.346938,0.48386999999999997,171,98,173,40,50,123,19,41,38,107,2018,Australia,1780127,0,4.428571428571429,0.20408163265306123,80,0,1,0,31-40,4
1629648,Jordan Bone,DET,6-3,180.0,0,6,9,0,48.0,3,0,0.17647000000000002,0.0,0.0,17,8,1,8,0,1,1,0,2,6,2019,USA,79568,0,0.6666666666666666,0.0,75,0,1,0,51-60,6
1629067,Isaac Bonga,WAS,6-8,180.0,1,250,70,33,971.0,89,18,0.468421,0.352941,0.75,190,51,181,68,60,121,42,22,39,122,2018,Germany,1416852,1663861,3.5714285714285716,0.4714285714285714,80,0,1,0,31-40,4
1626164,Devin Booker,PHX,6-5,206.0,4,7194,324,299,10811.0,2477,629,0.447111,0.354565,0.8675280000000001,5540,1774,1163,1483,164,999,258,81,1062,991,2015,USA,27285000,29430000,22.203703703703702,0.9228395061728395,77,1,0,0,11-20,2
1628449,Chris Boucher,TOR,6-9,200.0,2,390,76,0,772.0,137,34,0.45666599999999996,0.28571399999999997,0.788461,300,119,258,22,97,161,23,65,27,118,2017,Canada,1588231,0,5.131578947368421,0.0,81,0,0,1,Undrafted,8
1629065,Ky Bowman,GSW,6-1,187.0,0,280,40,12,875.0,110,31,0.4,0.326315,0.828571,275,95,99,118,20,79,36,6,55,89,2019,USA,540367,0,7.0,0.3,73,0,0,1,Undrafted,8
202340,Avery Bradley,LAL,6-3,180.0,9,6621,561,483,15868.0,2668,725,0.43680399999999997,0.364688,0.778859,6108,1988,1642,994,357,1285,569,114,792,1235,2010,USA,6767000,5005350,11.802139037433156,0.8609625668449198,75,1,0,0,11-20,2
1628396,Tony Bradley,UTA,6-10,248.0,2,206,53,2,485.0,91,0,0.606666,0.0,0.631578,150,1,201,13,84,117,12,18,24,90,2017,USA,1962360,3542060,3.8867924528301887,0.03773584905660377,82,1,0,0,21-30,3
1629714,Jarrell Brantley,UTA,6-5,250.0,0,0,3,0,11.0,0,0,0.0,0.0,0.0,0,0,5,1,0,5,0,2,1,1,2019,USA,79568,0,0.0,0.0,77,0,1,0,41-50,5
1629649,Ignas Brazdeikis,NYK,6-6,221.0,0,17,9,0,53.0,6,1,0.272727,0.11111099999999999,0.8,22,9,5,4,2,3,0,1,2,3,2019,Lithuania,898310,1517981,1.8888888888888888,0.0,78,0,1,0,41-50,5
1628969,Mikal Bridges,PHX,6-6,209.0,1,1128,137,70,3831.0,407,146,0.45781700000000003,0.337962,0.8115939999999999,889,432,480,261,103,377,210,69,123,321,2018,USA,4161000,4359000,8.233576642335766,0.5109489051094891,78,1,0,0,1-10,1
1628970,Miles Bridges,CHA,6-6,225.0,1,1301,134,78,3353.0,506,149,0.45138199999999995,0.33408000000000004,0.777777,1121,446,622,186,143,479,89,89,133,226,2018,USA,3755400,3934320,9.708955223880597,0.582089552238806,78,1,0,0,11-20,2
1629052,Oshae Brissett,TOR,6-7,210.0,0,33,17,0,128.0,12,3,0.352941,0.2,0.75,34,15,23,5,9,14,4,1,7,18,2019,Canada,129568,0,1.9411764705882353,0.0,79,0,0,1,Undrafted,8
1627763,Malcolm Brogdon,IND,6-5,229.0,3,3073,228,153,6512.0,1161,300,0.473105,0.38910500000000003,0.8984059999999999,2454,771,849,975,168,681,198,46,374,446,2016,USA,20000000,20700000,13.478070175438596,0.6710526315789473,77,0,1,0,31-40,4
1628415,Dillon Brooks,MEM,6-7,225.0,2,1881,154,128,4208.0,697,220,0.425,0.371621,0.782991,1640,592,471,260,111,360,134,43,231,484,2017,Canada,1618520,11400000,12.214285714285714,0.8311688311688312,79,0,1,0,41-50,5
1628971,Bruce Brown,DET,6-4,202.0,1,791,128,98,2957.0,304,54,0.42163599999999996,0.296703,0.737142,721,182,430,300,102,328,102,65,141,328,2018,USA,1416852,1663861,6.1796875,0.765625,76,0,1,0,41-50,5
1627759,Jaylen Brown,BOS,6-6,223.0,3,3385,266,159,6886.0,1261,353,0.47069799999999995,0.369633,0.68,2679,955,1160,375,223,937,223,88,397,639,2016,USA,6534829,22991071,12.725563909774436,0.5977443609022557,78,1,0,0,1-10,1
1629650,Moses Brown,POR,7-2,245.0,0,11,9,0,33.0,4,0,0.4,0.0,0.375,10,0,14,1,3,11,1,1,3,7,2019,USA,79568,0,1.2222222222222223,0.0,86,0,0,1,Undrafted,8
1628425,Sterling Brown,MIL,6-5,219.0,2,786,149,11,2367.0,297,116,0.425501,0.351515,0.767676,698,330,474,145,82,392,77,26,102,208,2017,USA,1618520,0,5.275167785234899,0.0738255033557047,77,0,1,0,41-50,5
1628973,Jalen Brunson,DAL,6-1,190.0,1,1138,128,53,2594.0,442,106,0.466737,0.353333,0.762886,947,300,302,413,47,255,58,8,153,198,2018,USA,1416852,1663861,8.890625,0.4140625,73,0,1,0,31-40,4
1628418,Thomas Bryant,WAS,6-10,248.0,2,1153,116,76,2307.0,468,49,0.6,0.320261,0.76018,780,153,686,162,175,511,36,95,103,198,2017,USA,8000000,8333333,9.939655172413794,0.6551724137931034,82,0,1,0,41-50,5
203493,Reggie Bullock,NYK,6-6,205.0,6,2062,293,137,5785.0,756,393,0.430278,0.38567199999999996,0.8306870000000001,1757,1019,615,331,100,515,157,35,164,323,2013,USA,4000000,4200000,7.037542662116041,0.46757679180887374,78,1,0,0,21-30,3
202692,Alec Burks,TOT,6-6,214.0,8,4864,478,85,10456.0,1660,373,0.420146,0.35899899999999996,0.790148,3951,1039,1530,882,291,1239,310,92,613,847,2011,USA,2320044,0,10.175732217573222,0.17782426778242677,78,1,0,0,11-20,2
1629126,Deonte Burton,OKC,6-4,240.0,1,163,62,0,494.0,67,15,0.382857,0.22727199999999997,0.583333,175,66,67,19,9,58,10,17,18,57,2018,USA,1416852,1663861,2.629032258064516,0.0,76,0,0,1,Undrafted,8
202710,Jimmy Butler,MIA,6-7,230.0,8,9679,569,464,18810.0,3146,503,0.45396800000000004,0.333554,0.8352149999999999,6930,1508,2892,2086,853,2039,904,271,870,821,2011,USA,32742000,34379100,17.010544815465728,0.8154657293497364,79,1,0,0,21-30,3
203998,Bruno Caboclo,MEM,6-9,218.0,5,397,91,20,1204.0,144,60,0.39452,0.319148,0.830508,365,188,238,69,73,165,31,52,59,121,2014,Brazil,1845301,0,4.362637362637362,0.21978021978021978,81,1,0,0,11-20,2
203484,Kentavious Caldwell-Pope,LAL,6-5,204.0,6,6099,523,391,15323.0,2190,865,0.416587,0.350486,0.800374,5257,2468,1677,859,351,1326,588,99,520,967,2013,USA,8089282,8493746,11.661567877629063,0.7476099426386233,77,1,0,0,1-10,1
1628427,Vlatko Cancar,DEN,6-8,236.0,0,15,11,0,38.0,5,1,0.454545,0.2,1.0,11,5,8,3,3,5,1,1,3,6,2019,Slovenia,898310,1571981,1.3636363636363635,0.0,80,0,1,0,41-50,5
203991,Clint Capela,HOU,6-10,240.0,5,4075,334,274,8674.0,1766,0,0.634111,0.0,0.5256529999999999,2785,2,3243,324,1089,2154,229,491,412,838,2014,Switzerland,16896552,18000000,12.20059880239521,0.8203592814371258,82,1,0,0,21-30,3
201960,DeMarre Carroll,SAS,6-6,215.0,10,5096,569,339,13519.0,1790,653,0.429565,0.35898800000000003,0.7401369999999999,4167,1819,2430,712,650,1780,518,148,491,1115,2009,USA,7000000,6650000,8.956063268892795,0.5957820738137083,78,1,0,0,21-30,3
1628975,Jevon Carter,PHX,6-1,200.0,1,344,79,5,1155.0,118,69,0.350148,0.37297199999999997,0.8125,337,185,142,124,35,107,56,22,61,111,2018,USA,1416852,0,4.3544303797468356,0.06329113924050633,73,0,1,0,31-40,4
1713,Vince Carter,ATL,6-6,220.0,21,25688,1530,982,46244.0,9278,2280,0.43568900000000005,0.37133499999999997,0.797763,21295,6140,6589,4710,1654,4935,1526,887,2587,3983,1998,USA,2564753,0,16.78954248366013,0.6418300653594772,78,1,0,0,1-10,1
203487,Michael Carter-Williams,ORL,6-5,190.0,6,3632,347,192,8833.0,1349,157,0.401129,0.252006,0.7057220000000001,3363,623,1528,1550,323,1205,458,191,825,845,2013,USA,2028594,0,10.46685878962536,0.553314121037464,77,1,0,0,11-20,2
1627936,Alex Caruso,LAL,6-5,186.0,2,636,112,11,2002.0,221,71,0.430799,0.379679,0.773584,513,187,226,239,46,180,99,33,125,185,2017,USA,2750000,2750000,5.678571428571429,0.09821428571428571,77,0,0,1,Undrafted,8
1626161,Willie Cauley-Stein,TOT,7-0,240.0,4,3344,345,237,8140.0,1413,4,0.538285,0.21052600000000002,0.611904,2625,19,2175,550,611,1564,322,286,347,823,2015,USA,2177483,0,9.692753623188405,0.6869565217391305,84,1,0,0,1-10,1
2199,Tyson Chandler,HOU,7-0,235.0,18,9509,1160,886,31618.0,3558,0,0.596579,0.0,0.6443180000000001,5964,11,10467,967,3529,6938,630,1335,1656,3268,2001,USA,2564753,0,8.197413793103449,0.7637931034482759,84,1,0,0,1-10,1
201163,Wilson Chandler,BKN,6-8,235.0,12,8414,666,480,20068.0,3253,862,0.443671,0.341792,0.769683,7332,2522,3538,1197,763,2775,469,410,924,1782,2007,USA,2564753,0,12.633633633633634,0.7207207207207207,80,1,0,0,21-30,3
1629597,Zylan Cheatham,NOP,6-5,220.0,0,4,3,0,31.0,2,0,0.4,0.0,0.0,5,1,6,2,1,5,0,1,3,5,2019,USA,79568,0,1.3333333333333333,0.0,77,0,0,1,Undrafted,8
1629185,Chris Chiozza,TOT,5-11,175.0,1,40,21,0,179.0,15,10,0.294117,0.384615,0.0,51,26,22,38,1,21,13,3,11,14,2018,USA,159136,0,1.9047619047619047,0.0,71,0,0,1,Undrafted,8
1627737,Marquese Chriss,GSW,6-9,240.0,3,1925,247,138,4728.0,718,152,0.449592,0.291746,0.6594909999999999,1597,521,1169,250,306,863,167,204,316,647,2016,USA,819401,0,7.793522267206478,0.5587044534412956,81,1,0,0,1-10,1
1629109,Gary Clark,TOT,6-6,225.0,1,255,81,2,1010.0,86,68,0.352459,0.31192600000000004,0.9375,244,218,192,31,49,143,24,39,11,75,2018,USA,1494369,0,3.1481481481481484,0.024691358024691357,78,0,0,1,Undrafted,8
1629634,Brandon Clarke,MEM,6-8,215.0,0,580,47,2,1025.0,243,21,0.6230760000000001,0.42,0.793478,390,50,270,67,66,204,25,39,44,78,2019,Canada,2478840,2602920,12.340425531914894,0.0425531914893617,80,1,0,0,21-30,3
203903,Jordan Clarkson,TOT,6-4,194.0,5,6433,435,138,11803.0,2472,637,0.446773,0.341738,0.817658,5533,1864,1372,1139,373,999,374,60,721,720,2014,USA,13437500,0,14.788505747126436,0.31724137931034485,76,0,1,0,41-50,5
1629651,Nicolas Claxton,BKN,6-11,215.0,0,62,14,0,183.0,26,1,0.565217,0.14285699999999998,0.473684,46,7,43,16,19,24,1,8,9,14,2019,USA,898310,1517981,4.428571428571429,0.0,83,0,1,0,31-40,4
1629598,Chris Clemons,HOU,5-9,180.0,0,139,28,0,246.0,50,33,0.403225,0.354838,0.857142,124,93,23,21,3,20,6,5,17,20,2019,USA,563346,1517981,4.964285714285714,0.0,69,0,0,1,Undrafted,8
1628499,Antonius Cleveland,DAL,6-5,195.0,1,28,23,0,145.0,10,3,0.37037,0.6,0.625,27,5,17,2,3,14,8,6,8,25,2017,USA,79568,0,1.2173913043478262,0.0,77,0,0,1,Undrafted,8
1629599,Amir Coffey,LAC,6-7,210.0,0,19,5,0,41.0,9,1,0.5625,0.25,0.0,16,4,6,3,2,4,1,1,2,3,2019,USA,79568,0,3.8,0.0,79,0,0,1,Undrafted,8
1628381,John Collins,ATL,6-9,235.0,2,2584,165,115,4580.0,1030,109,0.567493,0.349358,0.755919,1815,312,1442,260,473,969,88,168,277,524,2017,USA,2686560,4137302,15.66060606060606,0.696969696969697,81,1,0,0,11-20,2
1628380,Zach Collins,POR,6-11,250.0,2,831,146,4,2488.0,313,78,0.44209,0.323651,0.729885,708,241,557,129,158,399,42,99,141,318,2017,USA,4240200,5406255,5.691780821917808,0.0273972602739726,83,1,0,0,1-10,1
201144,Mike Conley,UTA,6-1,175.0,12,12166,820,784,26592.0,4331,1143,0.439071,0.374508,0.81752,9864,3052,2430,4642,359,2071,1183,166,1645,1619,2007,USA,32511623,34502130,14.836585365853658,0.9560975609756097,73,1,0,0,1-10,1
1626192,Pat Connaughton,MIL,6-5,209.0,4,1243,266,8,4123.0,475,197,0.44186000000000003,0.34320500000000004,0.780487,1075,574,723,330,162,561,79,75,143,279,2015,USA,1723050,0,4.672932330827067,0.03007518796992481,77,0,1,0,41-50,5
1626188,Quinn Cook,LAL,6-1,180.0,3,1071,155,28,2374.0,430,161,0.46892,0.41281999999999996,0.76923,917,390,285,269,40,245,46,5,118,184,2016,USA,3000000,3000000,6.909677419354839,0.18064516129032257,73,0,0,1,Undrafted,8
202326,DeMarcus Cousins,GSW,6-10,270.0,9,12006,565,543,18079.0,4283,342,0.46078500000000006,0.331716,0.736741,9295,1031,6131,1832,1565,4566,805,697,2000,2175,2010,USA,3500000,0,21.249557522123894,0.9610619469026549,82,1,0,0,1-10,1
203496,Robert Covington,TOT,6-7,209.0,6,4819,378,330,11283.0,1605,885,0.406329,0.358299,0.811659,3950,2470,2114,569,349,1765,629,311,655,1155,2013,USA,11301219,12138345,12.748677248677248,0.873015873015873,79,0,0,1,Undrafted,8
203459,Allen Crabbe,TOT,6-5,212.0,6,3453,380,113,9114.0,1226,617,0.424809,0.38707600000000003,0.831168,2886,1594,1073,434,109,964,223,104,284,763,2013,USA,18500000,0,9.086842105263157,0.29736842105263156,77,0,1,0,31-40,4
1628470,Torrey Craig,DEN,6-7,221.0,2,800,156,61,2892.0,301,107,0.446587,0.31750700000000004,0.669117,674,337,532,125,171,361,64,89,83,333,2017,USA,2000000,0,5.128205128205129,0.391025641025641,79,0,0,1,Undrafted,8
203109,Jae Crowder,TOT,6-6,235.0,7,5638,591,289,14565.0,1946,826,0.419667,0.33618200000000004,0.7796609999999999,4637,2457,2420,899,433,1987,574,188,517,1173,2012,USA,7815533,0,9.539763113367174,0.4890016920473773,78,0,1,0,31-40,4
1629633,Jarrett Culver,MIN,6-6,195.0,0,472,52,35,1268.0,187,52,0.387966,0.276595,0.464646,482,188,176,94,59,117,51,35,70,103,2019,USA,5813640,6104280,9.076923076923077,0.6730769230769231,78,1,0,0,1-10,1
203552,Seth Curry,DAL,6-2,185.0,6,2369,243,66,5344.0,861,408,0.46997799999999995,0.43776800000000005,0.8566299999999999,1832,932,477,422,84,393,168,30,235,350,2013,USA,7461380,7834449,9.748971193415638,0.2716049382716049,74,0,0,1,Undrafted,8
201939,Stephen Curry,GSW,6-3,185.0,10,16396,698,692,23972.0,5676,2492,0.47637399999999996,0.43513100000000005,0.905285,11915,5727,3152,4614,490,2662,1205,156,2178,1731,2009,USA,40231758,43006362,23.48997134670487,0.9914040114613181,75,1,0,0,1-10,1
203584,Troy Daniels,LAL,6-4,200.0,6,2201,331,20,4960.0,755,548,0.401382,0.39710100000000004,0.80337,1881,1380,438,182,74,364,97,21,184,422,2013,USA,2028594,0,6.649546827794562,0.06042296072507553,76,0,0,1,Undrafted,8
203076,Anthony Davis,LAL,6-10,253.0,7,12284,512,507,17702.0,4581,230,0.517334,0.314637,0.80133,8855,731,5330,1133,1303,4027,711,1230,980,1218,2012,USA,27093019,28751775,23.9921875,0.990234375,82,1,0,0,1-10,1
202334,Ed Davis,UTA,6-9,218.0,9,4197,665,95,13221.0,1735,0,0.567735,0.0,0.5825319999999999,3056,4,4427,507,1524,2903,332,544,520,1654,2010,USA,4767000,5005350,6.311278195488722,0.14285714285714285,81,1,0,0,11-20,2
1629056,Terence Davis,TOR,6-4,201.0,0,437,55,2,954.0,160,80,0.47477700000000006,0.41884799999999994,0.8809520000000001,337,191,193,95,44,149,30,11,54,92,2019,USA,898310,1517981,7.945454545454545,0.03636363636363636,76,0,0,1,Undrafted,8
201942,DeMar DeRozan,SAS,6-6,220.0,10,16127,804,792,27458.0,5792,340,0.456818,0.28286100000000003,0.82883,12679,1202,3495,2823,601,2894,796,233,1650,1820,2009,USA,27739975,27739975,20.058457711442784,0.9850746268656716,78,1,0,0,1-10,1
203473,Dewayne Dedmon,TOT,7-0,245.0,6,2471,387,187,7041.0,979,151,0.520467,0.342403,0.731313,1881,441,2303,268,604,1699,209,337,383,977,2013,USA,13333334,13333333,6.385012919896641,0.48320413436692505,84,0,0,1,Undrafted,8
203521,Matthew Dellavedova,CLE,6-3,200.0,6,2370,423,88,8595.0,843,386,0.388479,0.367269,0.8394360000000001,2170,1051,751,1531,155,596,197,19,528,808,2013,Australia,9607500,0,5.602836879432624,0.20803782505910165,75,0,0,1,Undrafted,8
1628978,Donte DiVincenzo,MIL,6-4,203.0,1,582,76,20,1536.0,222,84,0.44311300000000003,0.319391,0.771428,501,263,296,139,65,231,86,20,79,119,2018,USA,2905800,3044160,7.657894736842105,0.2631578947368421,76,1,0,0,11-20,2
1627767,Cheick Diallo,PHX,6-8,219.0,3,921,171,3,2095.0,387,2,0.600931,0.333333,0.767195,644,6,729,76,169,560,54,72,110,263,2016,Mali,1678854,1824003,5.385964912280702,0.017543859649122806,80,0,1,0,31-40,4
1628977,Hamidou Diallo,OKC,6-5,202.0,1,395,83,5,1133.0,162,9,0.452513,0.169811,0.632653,358,53,206,36,63,143,46,16,56,145,2018,USA,1416852,1663861,4.759036144578313,0.060240963855421686,77,0,1,0,41-50,5
203476,Gorgui Dieng,TOT,6-10,252.0,6,3942,499,204,11039.0,1514,109,0.500165,0.351612,0.78999,3027,310,3071,689,932,2139,415,490,588,1141,2013,Senegal,16229213,17287640,7.8997995991983965,0.4088176352705411,82,1,0,0,21-30,3
203915,Spencer Dinwiddie,BKN,6-5,215.0,5,3896,306,119,7822.0,1257,418,0.410516,0.31932699999999997,0.793415,3062,1309,838,1495,128,710,209,86,529,714,2014,USA,10605600,11454048,12.732026143790849,0.3888888888888889,77,0,1,0,31-40,4
1629029,Luka Doncic,DAL,6-7,230.0,1,2797,116,116,3760.0,924,297,0.443378,0.325301,0.7367229999999999,2084,913,983,810,148,835,122,32,430,245,2018,Slovenia,7683360,8049360,24.112068965517242,1.0,79,1,0,0,1-10,1
1629652,Luguentz Dort,OKC,6-3,215.0,0,108,19,11,393.0,39,14,0.402061,0.29787199999999997,0.727272,97,47,27,12,10,17,14,1,12,53,2019,Canada,79568,0,5.684210526315789,0.5789473684210527,75,0,0,1,Undrafted,8
1628422,Damyean Dotson,NYK,6-5,210.0,2,1263,162,42,3261.0,475,202,0.421847,0.36007100000000003,0.72549,1126,561,427,219,51,376,91,16,108,210,2017,USA,1618520,0,7.796296296296297,0.25925925925925924,77,0,1,0,41-50,5
1629635,Sekou Doumbouya,DET,6-8,230.0,0,196,29,17,571.0,73,23,0.394594,0.306666,0.710526,185,75,97,11,16,81,17,7,31,61,2019,Guinea,3285120,3449400,6.758620689655173,0.5862068965517241,80,1,0,0,11-20,2
1628408,PJ Dozier,DEN,6-6,205.0,2,103,23,0,275.0,43,9,0.40565999999999997,0.264705,0.615384,106,34,48,31,11,37,9,5,12,30,2017,USA,79568,0,4.478260869565218,0.0,78,0,0,1,Undrafted,8
201609,Goran Dragic,MIA,6-3,190.0,11,11112,801,509,22453.0,4083,963,0.464505,0.364634,0.76152,8790,2641,2442,3865,579,1863,797,148,1814,1852,2008,Slovenia,19217900,0,13.872659176029963,0.6354556803995006,75,0,1,0,41-50,5
203083,Andre Drummond,TOT,6-10,279.0,7,8564,593,542,18415.0,3616,13,0.541155,0.139784,0.460383,6682,93,8228,768,2846,5382,825,930,1152,1885,2012,USA,27093018,28751774,14.441821247892074,0.9139966273187183,82,1,0,0,1-10,1
201162,Jared Dudley,LAL,6-6,237.0,12,6617,883,286,19969.0,2402,879,0.46406400000000003,0.39381700000000003,0.731974,5176,2232,2816,1380,800,2016,705,166,759,1624,2007,USA,2564753,0,7.4937712344280865,0.32389580973952437,78,1,0,0,21-30,3
1627739,Kris Dunn,CHI,6-3,205.0,3,1884,227,126,5516.0,771,127,0.42200299999999996,0.30602399999999996,0.726351,1827,415,760,948,90,670,351,101,411,676,2016,USA,5348007,7091457,8.299559471365638,0.5550660792951542,75,1,0,0,1-10,1
201142,Kevin Durant,GSW,6-10,240.0,12,22940,849,849,31304.0,7814,1570,0.492717,0.38088299999999997,0.882569,15859,4122,5992,3486,617,5375,948,941,2653,1618,2007,USA,37199000,39058950,27.02002355712603,1.0,82,1,0,0,1-10,1
1629035,Carsen Edwards,BOS,5-11,200.0,0,96,32,0,296.0,33,19,0.320388,0.30645100000000003,0.846153,103,62,41,22,5,36,10,3,15,27,2019,USA,1228026,1517981,3.0,0.0,71,0,1,0,31-40,4
201961,Wayne Ellington,NYK,6-4,207.0,10,5422,673,166,14149.0,1973,1003,0.408827,0.378062,0.846153,4826,2653,1462,739,216,1246,369,50,453,770,2009,USA,8000000,8000000,8.056463595839524,0.24665676077265974,76,1,0,0,21-30,3
203954,Joel Embiid,PHI,7-0,280.0,3,4726,197,197,6040.0,1580,232,0.477918,0.319119,0.791691,3306,727,2269,624,468,1801,144,362,694,668,2014,Cameroon,27504630,29542010,23.98984771573604,1.0,84,1,0,0,1-10,1
1629234,Drew Eubanks,SAS,6-9,245.0,1,64,31,0,155.0,25,0,0.6097560000000001,0.0,0.875,41,0,51,9,12,39,2,6,13,16,2018,USA,79568,0,2.064516129032258,0.0,81,0,0,1,Undrafted,8
1628980,Jacob Evans,TOT,6-4,210.0,1,168,58,2,619.0,63,17,0.33870900000000004,0.320754,0.833333,186,53,66,54,15,51,16,15,36,69,2018,USA,1928280,2019960,2.896551724137931,0.034482758620689655,76,1,0,0,21-30,3
203957,Dante Exum,TOT,6-5,214.0,4,1342,236,69,4374.0,492,161,0.404938,0.304347,0.7635649999999999,1215,529,414,501,86,328,97,39,299,416,2014,Australia,9600000,9600000,5.686440677966102,0.2923728813559322,77,1,0,0,1-10,1
1629605,Tacko Fall,BOS,7-5,311.0,0,19,6,0,24.0,9,0,0.75,0.0,0.333333,12,0,11,0,0,11,0,2,3,5,2019,Senegal,79568,0,3.1666666666666665,0.0,89,0,0,1,Undrafted,8
202324,Derrick Favors,NOP,6-9,265.0,9,7653,667,469,17107.0,3112,36,0.529071,0.209302,0.662702,5882,172,4895,765,1686,3209,518,849,942,1743,2010,USA,17650000,0,11.473763118440779,0.7031484257871065,81,1,0,0,1-10,1
1626245,Cristiano Felicio,CHI,6-10,270.0,4,1031,227,20,3352.0,414,0,0.5702470000000001,0.0,0.676666,726,12,935,168,354,581,64,49,145,339,2015,Brazil,8156500,7529020,4.541850220264317,0.0881057268722467,82,0,0,1,Undrafted,8
1628390,Terrance Ferguson,OKC,6-6,190.0,2,885,175,122,3698.0,321,187,0.416342,0.345018,0.7567560000000001,771,542,253,129,73,180,86,38,84,441,2017,USA,2475840,3944013,5.057142857142857,0.6971428571428572,78,1,0,0,21-30,3
1628981,Bruno Fernando,ATL,6-9,240.0,0,182,45,11,550.0,77,4,0.506578,0.12903199999999998,0.615384,152,31,151,38,55,96,15,16,40,87,2019,Angola,1400000,1517981,4.044444444444444,0.24444444444444444,81,0,1,0,31-40,4
1627812,Yogi Ferrell,SAC,6-0,178.0,3,1903,241,53,5012.0,691,275,0.42134099999999997,0.366666,0.836734,1640,750,515,567,65,450,156,26,211,335,2016,USA,3150000,0,7.8962655601659755,0.21991701244813278,72,0,0,1,Undrafted,8
1627827,Dorian Finney-Smith,DAL,6-7,220.0,3,1598,238,126,5711.0,582,244,0.421433,0.327516,0.72519,1381,745,994,271,327,667,169,95,195,483,2016,USA,4000000,4000000,6.714285714285714,0.5294117647058824,79,0,0,1,Undrafted,8
1627854,Bryn Forbes,SAS,6-2,205.0,3,2213,252,146,5461.0,813,406,0.42879700000000004,0.396484,0.7973560000000001,1896,1024,483,381,44,439,103,6,175,387,2016,USA,2875000,0,8.781746031746032,0.5793650793650794,74,0,0,1,Undrafted,8
203095,Evan Fournier,ORL,6-7,205.0,7,7165,511,369,14496.0,2584,904,0.447833,0.376039,0.807834,5770,2404,1406,1323,218,1188,431,54,847,1251,2012,France,17000000,17150000,14.021526418786692,0.7221135029354208,79,1,0,0,11-20,2
1628368,De'Aaron Fox,SAC,6-3,185.0,2,2952,190,176,5706.0,1089,168,0.445216,0.336,0.7129409999999999,2446,500,659,1162,101,558,256,85,518,470,2017,USA,6392760,8099627,15.536842105263158,0.9263157894736842,75,1,0,0,1-10,1
1626187,Michael Frazier,HOU,6-3,200.0,0,12,7,0,60.0,3,2,0.333333,0.28571399999999997,0.666666,9,7,3,1,1,2,2,0,2,11,2018,USA,79568,0,1.7142857142857142,0.0,75,0,0,1,Undrafted,8
1628365,Markelle Fultz,ORL,6-3,209.0,2,898,87,64,2203.0,373,31,0.44885600000000003,0.269565,0.679775,831,115,301,380,62,239,101,18,152,177,2017,USA,9745200,12288697,10.32183908045977,0.735632183908046,75,1,0,0,1-10,1
1629117,Wenyen Gabriel,TOT,6-9,205.0,0,33,18,1,119.0,12,2,0.387096,0.166666,0.583333,31,12,19,4,7,12,5,4,7,17,2018,Sudan,79568,0,1.8333333333333333,0.05555555555555555,81,0,0,1,Undrafted,8
1629655,Daniel Gafford,CHI,6-10,234.0,0,154,33,4,420.0,67,0,0.67,0.0,0.526315,100,0,78,14,39,39,9,42,18,60,2019,USA,898310,1517981,4.666666666666667,0.12121212121212122,82,0,1,0,31-40,4
201568,Danilo Gallinari,OKC,6-10,233.0,11,9599,595,525,18461.0,2901,1170,0.426304,0.379377,0.872757,6805,3084,2934,1224,446,2488,467,239,789,1088,2008,Italy,22615559,0,16.132773109243697,0.8823529411764706,82,1,0,0,1-10,1
204038,Langston Galloway,DET,6-1,200.0,5,3352,396,62,9074.0,1195,582,0.394129,0.365577,0.8085100000000001,3032,1592,1022,682,196,826,288,63,244,655,2014,USA,7333333,0,8.464646464646465,0.15656565656565657,73,0,0,1,Undrafted,8
1629636,Darius Garland,CLE,6-1,192.0,0,648,53,53,1616.0,246,96,0.3936,0.351648,0.8695649999999999,625,273,100,204,23,77,38,2,140,84,2019,USA,6400920,6720720,12.226415094339623,1.0,73,1,0,0,1-10,1
201188,Marc Gasol,TOR,6-11,255.0,11,12193,830,816,27540.0,4526,374,0.48169399999999996,0.35585100000000003,0.77681,9396,1051,6340,2862,1371,4969,760,1191,1686,2413,2008,Spain,25595700,0,14.690361445783132,0.983132530120482,83,0,1,0,41-50,5
200752,Rudy Gay,SAS,6-8,250.0,13,15947,930,777,30960.0,6051,951,0.45551,0.345943,0.7974640000000001,13284,2749,5484,2052,1299,4185,1128,711,2077,2215,2006,USA,14500000,14500000,17.14731182795699,0.8354838709677419,80,1,0,0,1-10,1
202331,Paul George,LAC,6-8,220.0,9,12718,637,589,21410.0,4299,1544,0.432712,0.379267,0.846533,9935,4071,4097,2132,578,3519,1116,284,1659,1718,2010,USA,33005556,35450412,19.96546310832025,0.9246467817896389,80,1,0,0,1-10,1
201959,Taj Gibson,NYK,6-9,232.0,10,7540,789,430,19927.0,3134,25,0.514023,0.21739099999999997,0.708522,6097,115,4955,807,1833,3122,446,831,933,2005,2009,USA,9000000,9450000,9.55640050697085,0.5449936628643853,81,1,0,0,21-30,3
1628983,Shai Gilgeous-Alexander,OKC,6-5,180.0,1,1943,136,127,4091.0,722,118,0.470664,0.357575,0.805496,1534,330,563,440,96,467,159,81,244,267,2018,Canada,3952920,4141320,14.286764705882353,0.9338235294117647,77,1,0,0,11-20,2
203497,Rudy Gobert,UTA,7-1,258.0,6,5334,458,366,13458.0,1967,0,0.6373939999999999,0.0,0.628366,3086,3,5033,624,1505,3528,311,996,743,1185,2013,France,25258427,25775281,11.646288209606986,0.7991266375545851,85,1,0,0,21-30,3
1629164,Brandon Goodwin,ATL,6-0,180.0,1,196,42,1,412.0,69,25,0.37911999999999996,0.31645500000000004,0.942857,182,79,66,54,11,55,11,4,28,43,2018,USA,602305,1701593,4.666666666666667,0.023809523809523808,72,0,0,1,Undrafted,8
203932,Aaron Gordon,ORL,6-8,235.0,5,4943,390,301,11080.0,1866,428,0.446625,0.319164,0.702242,4178,1341,2471,890,617,1854,299,242,538,787,2014,USA,19863636,18136364,12.674358974358974,0.7717948717948718,80,1,0,0,1-10,1
201569,Eric Gordon,HOU,6-3,215.0,11,10924,657,508,21607.0,3711,1539,0.425622,0.37129,0.810487,8719,4145,1625,1883,273,1352,593,225,1298,1299,2008,USA,14057730,16869267,16.62709284627093,0.7732115677321156,75,1,0,0,1-10,1
1626203,Treveon Graham,TOT,6-5,219.0,3,712,170,44,2738.0,249,112,0.380733,0.329411,0.723404,654,340,371,130,104,267,72,15,70,276,2016,USA,1645357,0,4.188235294117647,0.25882352941176473,77,0,0,1,Undrafted,8
203924,Jerami Grant,DEN,6-8,210.0,5,3979,437,166,10658.0,1397,347,0.462276,0.345273,0.662974,3022,1005,1698,457,416,1282,254,499,405,993,2014,USA,9346153,9346153,9.105263157894736,0.37986270022883295,80,0,1,0,31-40,4
1627982,Josh Gray,NOP,6-0,180.0,1,34,7,0,109.0,12,3,0.279069,0.230769,0.636363,43,13,12,14,3,9,8,2,12,9,2017,USA,79568,0,4.857142857142857,0.0,72,0,0,1,Undrafted,8
201980,Danny Green,LAL,6-6,215.0,10,6025,672,596,17065.0,2136,1262,0.42423,0.40191,0.810231,5035,3140,2349,1066,398,1951,673,531,686,1183,2009,USA,14634147,15365853,8.96577380952381,0.8869047619047619,78,0,1,0,41-50,5
203110,Draymond Green,GSW,6-6,230.0,7,5164,574,426,16172.0,1872,521,0.43534799999999996,0.320024,0.70955,4300,1628,3961,2844,648,3313,788,609,1183,1587,2012,USA,18539130,22246956,8.996515679442508,0.7421602787456446,78,0,1,0,31-40,4
101123,Gerald Green,HOU,6-7,205.0,12,6412,658,118,13026.0,2312,962,0.41687700000000005,0.36056900000000003,0.817821,5546,2668,1639,596,318,1321,335,199,721,1228,2005,USA,2564753,0,9.74468085106383,0.17933130699088146,79,1,0,0,11-20,2
203210,JaMychal Green,LAC,6-8,227.0,5,2801,344,151,7556.0,1061,245,0.47009300000000004,0.366218,0.766784,2257,669,2121,318,640,1481,197,148,394,925,2014,USA,4767000,5005350,8.142441860465116,0.438953488372093,80,0,0,1,Undrafted,8
1629750,Javonte Green,BOS,6-4,205.0,0,125,41,1,375.0,48,6,0.510638,0.260869,0.638888,94,23,69,21,16,53,22,5,16,36,2019,USA,898310,1517981,3.048780487804878,0.024390243902439025,76,0,0,1,Undrafted,8
201933,Blake Griffin,DET,6-9,250.0,9,13479,622,622,21672.0,5049,407,0.49822299999999997,0.33278800000000003,0.6943729999999999,10134,1223,5501,2749,1345,4156,553,321,1617,1777,2009,USA,34449964,36810996,21.670418006430868,1.0,81,1,0,0,1-10,1
1629741,Marko Guduric,MEM,6-6,201.0,0,148,33,0,434.0,53,21,0.38405700000000004,0.295774,0.913043,138,71,62,40,12,50,11,7,34,31,2019,Serbia,2625000,2750000,4.484848484848484,0.0,78,0,0,1,Undrafted,8
1629657,Kyle Guy,SAC,6-1,167.0,0,2,2,0,4.0,1,0,0.5,0.0,0.0,2,1,0,0,0,0,0,0,0,0,2019,USA,79568,0,1.0,0.0,73,0,1,0,51-60,6
1629060,Rui Hachimura,WAS,6-8,230.0,0,416,30,30,864.0,173,13,0.48732299999999995,0.23636300000000002,0.8260860000000001,355,55,179,46,46,133,22,5,27,66,2019,Japan,4469160,4692840,13.866666666666667,1.0,80,1,0,0,1-10,1
201935,James Harden,HOU,6-5,220.0,10,20427,816,603,27996.0,6016,2259,0.44254799999999994,0.364061,0.8584209999999999,13594,6205,4333,5117,637,3696,1272,432,2999,2151,2009,USA,38199000,41254920,25.033088235294116,0.7389705882352942,77,1,0,0,1-10,1
1629607,Jared Harper,PHX,5-11,175.0,0,2,3,0,8.0,1,0,0.25,0.0,0.0,4,2,0,0,0,0,0,0,0,0,2019,USA,79568,0,0.6666666666666666,0.0,71,0,0,1,Undrafted,8
1626149,Montrezl Harrell,LAC,6-7,240.0,4,3856,308,25,6383.0,1586,5,0.61449,0.10416600000000001,0.629286,2581,48,1494,410,533,961,171,273,357,696,2015,USA,6000000,0,12.519480519480519,0.08116883116883117,79,0,1,0,31-40,4
203914,Gary Harris,DEN,6-4,210.0,5,4348,358,296,10360.0,1631,526,0.45255200000000007,0.35661,0.804597,3604,1475,931,761,222,709,445,78,447,636,2014,USA,17839286,19160714,12.145251396648044,0.8268156424581006,76,1,0,0,11-20,2
203925,Joe Harris,BKN,6-6,220.0,5,3174,314,154,7548.0,1153,576,0.47370500000000004,0.422907,0.787061,2434,1362,967,500,173,794,144,61,368,637,2014,USA,7666667,0,10.10828025477707,0.49044585987261147,78,0,1,0,31-40,4
202699,Tobias Harris,PHI,6-8,226.0,8,9481,601,481,18477.0,3596,785,0.470742,0.363931,0.8200649999999999,7639,2157,3620,1195,587,3033,441,293,832,1199,2011,USA,32742000,34358850,15.775374376039933,0.800332778702163,80,1,0,0,11-20,2
1627885,Shaquille Harrison,CHI,6-7,190.0,2,738,129,17,2068.0,284,37,0.441679,0.27205799999999997,0.692708,643,136,328,225,50,278,132,44,94,194,2017,USA,1620564,0,5.72093023255814,0.13178294573643412,79,0,0,1,Undrafted,8
1628404,Josh Hart,NOP,6-5,215.0,2,1524,177,58,4500.0,539,268,0.43154499999999996,0.358768,0.714859,1249,747,810,247,123,687,163,75,159,378,2017,USA,1934160,3491159,8.610169491525424,0.327683615819209,77,1,0,0,21-30,3
1628392,Isaiah Hartenstein,HOU,7-0,250.0,1,160,51,2,487.0,64,2,0.592592,0.181818,0.7142850000000001,108,11,137,33,50,87,16,24,29,97,2018,Germany,1416852,1663861,3.1372549019607843,0.0392156862745098,84,0,1,0,41-50,5
2617,Udonis Haslem,MIA,6-8,235.0,16,6516,856,499,21531.0,2640,4,0.489795,0.072727,0.755364,5390,55,5741,728,1606,4135,422,249,803,2040,2003,USA,2564753,0,7.61214953271028,0.5829439252336449,80,0,0,1,Undrafted,8
1629637,Jaxson Hayes,NOP,6-11,220.0,0,408,51,12,919.0,150,1,0.660792,0.25,0.6294109999999999,227,4,220,47,82,138,22,51,40,135,2019,USA,4862040,5105160,8.0,0.23529411764705882,83,1,0,0,1-10,1
202330,Gordon Hayward,BOS,6-7,225.0,9,9522,625,463,19210.0,3261,823,0.45047600000000004,0.365777,0.8230620000000001,7239,2250,2708,2153,466,2242,615,254,1228,1092,2010,USA,32700690,34187085,15.2352,0.7408,79,1,0,0,1-10,1
203089,John Henson,TOT,6-9,219.0,7,3326,437,154,8604.0,1413,18,0.539312,0.24,0.5704140000000001,2620,75,2333,486,791,1542,204,636,484,977,2012,USA,9732396,0,7.610983981693364,0.3524027459954233,81,1,0,0,11-20,2
1629608,Dewan Hernandez,TOR,6-10,235.0,0,4,4,0,11.0,1,0,0.2,0.0,1.0,5,1,7,0,2,5,1,0,1,6,2019,USA,898310,1517981,1.0,0.0,82,0,1,0,51-60,6
1626195,Willy Hernangomez,CHA,6-11,250.0,3,1391,202,26,2885.0,543,29,0.529756,0.33720900000000004,0.681481,1025,86,1082,205,378,704,81,77,215,340,2016,Spain,1557250,0,6.8861386138613865,0.12871287128712872,83,0,1,0,31-40,4
1629639,Tyler Herro,MIA,6-5,195.0,0,603,46,6,1273.0,219,99,0.413988,0.392857,0.835443,529,252,186,91,14,172,29,7,72,58,2019,USA,3640200,3822240,13.108695652173912,0.13043478260869565,77,1,0,0,11-20,2
1628987,Kevin Hervey,OKC,6-9,230.0,0,0,6,0,13.0,0,0,0.0,0.0,0.0,5,4,2,1,0,2,0,0,0,1,2019,USA,79568,0,0.0,0.0,81,0,1,0,51-60,6
1626209,Mario Hezonja,POR,6-8,220.0,4,2203,316,69,5870.0,822,257,0.414105,0.318069,0.8118270000000001,1985,808,983,395,140,843,231,77,358,528,2015,Croatia,1737145,1977011,6.9715189873417724,0.21835443037974683,80,1,0,0,1-10,1
1627741,Buddy Hield,SAC,6-4,220.0,3,4742,298,194,8332.0,1767,809,0.44285699999999995,0.40962,0.8636360000000001,3990,1975,1258,656,248,1010,227,80,504,600,2016,Bahamas,4861207,26431817,15.912751677852349,0.6510067114093959,76,1,0,0,1-10,1
201588,George Hill,MIL,6-3,188.0,11,8592,770,447,21400.0,3045,946,0.45706899999999995,0.385493,0.8020609999999999,6662,2454,2386,2456,454,1932,700,215,970,1582,2008,USA,10133907,9590602,11.158441558441558,0.5805194805194805,75,1,0,0,21-30,3
203524,Solomon Hill,MEM,6-6,226.0,6,2079,353,171,7814.0,719,285,0.39679899999999996,0.337677,0.7982060000000001,1812,844,1141,565,236,905,241,81,323,621,2013,USA,13290395,0,5.889518413597734,0.48441926345609065,78,1,0,0,21-30,3
1629658,Jaylen Hoard,POR,6-8,216.0,0,38,13,0,103.0,15,0,0.46875,0.0,0.615384,32,3,32,4,14,18,5,0,4,12,2019,France,79568,0,2.923076923076923,0.0,80,0,0,1,Undrafted,8
1628988,Aaron Holiday,IND,6-0,185.0,1,777,99,19,1763.0,286,117,0.409742,0.382352,0.846153,698,306,175,255,23,152,56,24,102,159,2018,USA,2239200,2345640,7.848484848484849,0.1919191919191919,72,1,0,0,21-30,3
201950,Jrue Holiday,NOP,6-3,205.0,10,11020,697,624,23142.0,4352,896,0.451545,0.35386999999999996,0.779791,9638,2532,2709,4441,596,2113,1041,356,1912,1590,2009,USA,26131111,26131111,15.810616929698709,0.8952654232424677,75,1,0,0,11-20,2
203200,Justin Holiday,IND,6-6,180.0,6,3352,412,164,9478.0,1175,595,0.395622,0.359082,0.827235,2970,1657,1202,601,157,1045,398,170,369,628,2012,USA,4767000,0,8.135922330097088,0.39805825242718446,78,0,0,1,Undrafted,8
1626178,Rondae Hollis-Jefferson,TOR,6-6,217.0,4,2641,277,150,6372.0,961,43,0.448018,0.215,0.737186,2145,200,1586,536,404,1182,271,152,372,582,2015,USA,2500000,0,9.534296028880867,0.5415162454873647,78,1,0,0,21-30,3
1626158,Richaun Holmes,SAC,6-10,235.0,4,2213,263,57,4912.0,905,39,0.5842470000000001,0.25657800000000003,0.726546,1549,152,1302,249,441,861,162,255,210,663,2015,USA,4767000,5005350,8.414448669201521,0.21673003802281368,82,0,1,0,31-40,4
203918,Rodney Hood,POR,6-8,208.0,5,4247,341,248,9325.0,1536,583,0.42595600000000006,0.372286,0.838526,3606,1566,980,645,120,860,262,67,379,750,2014,USA,5718000,6003900,12.454545454545455,0.7272727272727273,80,1,0,0,21-30,3
201143,Al Horford,PHI,6-9,240.0,12,11693,836,831,27329.0,4922,437,0.520461,0.360561,0.753468,9457,1212,6933,2741,1772,5161,680,992,1316,1907,2007,Dominican Republic,28000000,27500000,13.986842105263158,0.9940191387559809,81,1,0,0,1-10,1
1629659,Talen Horton-Tucker,LAL,6-4,234.0,0,0,2,0,5.0,0,0,0.0,0.0,0.0,1,1,0,2,0,0,1,0,0,0,2019,USA,898310,1517981,0.0,0.0,76,0,1,0,41-50,5
2730,Dwight Howard,LAL,6-10,265.0,15,18528,1097,1045,37033.0,6706,9,0.585881,0.132352,0.564871,11446,68,13598,1570,3812,9786,1008,2120,3124,3546,2004,USA,5603850,0,16.889699179580674,0.9525979945305378,82,1,0,0,1-10,1
1629739,William Howard,HOU,6-8,207.0,0,0,2,0,13.0,0,0,0.0,0.0,0.0,4,4,2,1,0,2,0,0,1,1,2019,France,129568,0,0.0,0.0,80,0,0,1,Undrafted,8
1628989,Kevin Huerter,ATL,6-7,190.0,1,1279,120,96,3413.0,476,239,0.41827700000000007,0.38798699999999997,0.7787609999999999,1138,616,429,366,87,342,102,46,183,264,2018,USA,2636280,2761920,10.658333333333333,0.8,79,1,0,0,11-20,2
1629631,De'Andre Hunter,ATL,6-7,225.0,0,647,53,52,1674.0,236,87,0.40972200000000003,0.345238,0.75862,576,252,210,96,29,181,41,15,85,146,2019,USA,7068360,7422000,12.20754716981132,0.9811320754716981,79,1,0,0,1-10,1
1628990,Chandler Hutchison,CHI,6-7,210.0,1,447,72,24,1421.0,176,26,0.458333,0.295454,0.594827,384,88,293,60,49,244,50,13,52,106,2018,USA,2332320,2443440,6.208333333333333,0.3333333333333333,79,1,0,0,21-30,3
201586,Serge Ibaka,TOR,7-0,235.0,10,10008,797,640,22822.0,4160,517,0.514915,0.36128499999999997,0.7594029999999999,8079,1431,5844,605,1720,4124,347,1663,1065,2247,2009,Democratic Republic of the Congo,23271604,0,12.557089084065245,0.8030112923462986,84,1,0,0,21-30,3
2738,Andre Iguodala,MIA,6-6,215.0,15,13469,1111,779,37097.0,4847,992,0.46574399999999994,0.333669,0.7103109999999999,10407,2973,5647,4828,1044,4603,1664,553,2114,2017,2004,USA,17185185,0,12.123312331233123,0.7011701170117012,78,1,0,0,1-10,1
101141,Ersan Ilyasova,MIL,6-9,235.0,11,8256,795,422,18634.0,3089,859,0.443694,0.365687,0.775938,6962,2349,4582,900,1384,3198,546,287,778,1948,2006,Turkey,7000000,7000000,10.384905660377358,0.5308176100628931,81,0,1,0,31-40,4
204060,Joe Ingles,UTA,6-7,220.0,5,3795,460,257,11660.0,1358,777,0.444954,0.406593,0.749379,3052,1911,1479,1644,142,1337,460,69,724,858,2014,Australia,11454546,10363637,8.25,0.558695652173913,79,0,0,1,Undrafted,8
1627742,Brandon Ingram,NOP,6-7,190.0,3,3808,237,198,7615.0,1397,245,0.46212299999999995,0.359765,0.716014,3023,681,1197,749,199,998,168,145,534,603,2016,USA,7265485,9481458,16.067510548523206,0.8354430379746836,79,1,0,0,1-10,1
202681,Kyrie Irving,BKN,6-2,195.0,8,11842,528,528,17827.0,4346,1119,0.46570900000000004,0.389895,0.876943,9332,2870,1955,3013,407,1548,699,187,1394,1171,2011,Australia,31742000,33329100,22.428030303030305,1.0,74,1,0,0,1-10,1
1628371,Jonathan Isaac,ORL,6-11,230.0,2,1249,134,106,3480.0,466,132,0.43228199999999994,0.327543,0.793991,1078,403,732,142,172,560,142,206,149,270,2017,USA,5806440,7362565,9.32089552238806,0.7910447761194029,83,1,0,0,1-10,1
1628402,Frank Jackson,NOP,6-3,205.0,1,749,104,17,1745.0,283,85,0.42365200000000003,0.313653,0.753846,668,271,190,105,40,150,40,6,87,153,2017,USA,1618520,0,7.201923076923077,0.16346153846153846,75,0,1,0,31-40,4
1628367,Josh Jackson,MEM,6-8,207.0,2,1964,163,64,4071.0,751,133,0.41400200000000004,0.28913,0.6514850000000001,1814,460,725,308,166,559,160,92,329,437,2017,USA,7059480,0,12.049079754601227,0.39263803680981596,80,1,0,0,1-10,1
1628382,Justin Jackson,DAL,6-7,220.0,2,1321,198,57,3908.0,510,184,0.432937,0.32682,0.785234,1178,563,516,203,93,423,69,33,80,233,2017,USA,3280920,5029650,6.671717171717172,0.2878787878787879,79,1,0,0,11-20,2
202704,Reggie Jackson,DET,6-3,208.0,8,7044,544,342,13758.0,2622,633,0.427105,0.334566,0.856828,6139,1892,1608,2402,298,1310,385,62,1050,1056,2011,USA,18086956,0,12.948529411764707,0.6286764705882353,75,1,0,0,21-30,3
1629713,Justin James,SAC,6-7,190.0,0,85,31,0,216.0,33,9,0.423076,0.34615300000000004,0.47618999999999995,78,26,30,16,6,24,6,9,8,16,2019,USA,898310,1517981,2.7419354838709675,0.0,79,0,1,0,31-40,4
2544,LeBron James,LAL,6-9,250.0,16,33817,1249,1248,48012.0,12326,1836,0.503595,0.343562,0.7346630000000001,24476,5344,9279,9213,1494,7785,2003,943,4369,2296,2003,USA,37436858,39219566,27.075260208166533,0.9991993594875901,81,1,0,0,1-10,1
1629610,DaQuan Jeffries,SAC,6-5,230.0,0,7,6,0,19.0,3,1,0.428571,0.25,0.0,7,4,1,1,1,0,1,0,0,3,2019,USA,898310,0,1.1666666666666667,0.0,77,0,0,1,Undrafted,8
1629660,Ty Jerome,PHX,6-5,195.0,0,84,21,0,247.0,32,11,0.37646999999999997,0.314285,0.75,85,35,35,37,6,29,14,3,14,23,2019,USA,2193480,2303040,4.0,0.0,77,1,0,0,21-30,3
1628993,Alize Johnson,IND,6-7,212.0,1,31,25,0,110.0,11,1,0.366666,0.5,0.5714279999999999,30,2,34,3,10,24,1,3,1,13,2018,USA,1416852,0,1.24,0.0,79,0,1,0,41-50,5
1629168,BJ Johnson,ORL,6-7,200.0,1,36,15,0,96.0,14,4,0.388888,0.307692,1.0,36,13,14,2,3,11,4,0,5,4,2018,USA,79568,0,2.4,0.0,79,0,0,1,Undrafted,8
1629661,Cameron Johnson,PHX,6-8,210.0,0,325,42,1,832.0,111,73,0.41111099999999995,0.390374,0.75,270,187,122,45,36,86,24,13,26,59,2019,USA,4033440,4235160,7.738095238095238,0.023809523809523808,80,1,0,0,11-20,2
201949,James Johnson,TOT,6-7,240.0,10,4915,623,220,12823.0,1938,312,0.47605,0.30891,0.69238,4071,1010,2233,1315,504,1729,483,555,904,1385,2009,USA,15349400,16047100,7.889245585874799,0.35313001605136435,79,1,0,0,11-20,2
1629640,Keldon Johnson,SAS,6-5,220.0,0,4,4,0,12.0,2,0,0.4,0.0,0.0,5,0,3,0,0,3,0,0,0,0,2019,USA,1950600,2048040,1.0,0.0,77,1,0,0,21-30,3
1626169,Stanley Johnson,TOR,6-6,242.0,4,2006,302,64,6243.0,743,239,0.37280399999999997,0.291463,0.763586,1993,820,982,429,164,818,269,66,351,590,2015,USA,3623000,3804150,6.642384105960265,0.2119205298013245,78,1,0,0,1-10,1
203999,Nikola Jokic,DEN,7-0,284.0,4,6141,363,322,10506.0,2361,335,0.52246,0.34183600000000003,0.824961,4519,980,3509,1966,950,2559,402,258,898,1034,2015,Serbia,27504630,29542010,16.917355371900825,0.8870523415977961,84,0,1,0,41-50,5
1627745,Damian Jones,ATL,6-11,245.0,3,474,100,49,1433.0,190,2,0.669014,0.25,0.67647,284,8,306,62,116,190,40,70,54,231,2016,USA,2305057,3457585,4.74,0.49,83,1,0,0,21-30,3
1626145,Tyus Jones,MEM,6-0,196.0,4,1623,301,40,5392.0,622,161,0.43074700000000005,0.343283,0.8134319999999999,1444,469,465,1066,63,402,301,25,224,305,2015,USA,9258000,8817143,5.392026578073089,0.132890365448505,72,1,0,0,21-30,3
201599,DeAndre Jordan,BKN,6-11,265.0,11,8200,864,711,24050.0,3296,1,0.669646,0.090909,0.472508,4922,11,9336,801,2767,6569,506,1395,1198,2269,2008,USA,9881598,10375678,9.49074074074074,0.8229166666666666,83,0,1,0,31-40,4
202709,Cory Joseph,SAC,6-3,200.0,8,4010,582,116,12695.0,1577,277,0.440625,0.329369,0.7638520000000001,3579,841,1506,1670,293,1213,443,129,579,875,2011,Canada,12000000,12600000,6.890034364261169,0.19931271477663232,75,1,0,0,21-30,3
1629662,Mfiondu Kabengele,LAC,6-9,250.0,0,42,12,0,64.0,14,9,0.4375,0.45,1.0,32,20,11,2,1,10,2,2,2,9,2019,Canada,1977000,2075880,3.5,0.0,81,1,0,0,21-30,3
1626163,Frank Kaminsky,PHX,7-0,240.0,4,3110,314,36,6969.0,1107,377,0.422519,0.34875100000000003,0.748917,2620,1081,1280,523,241,1039,145,118,274,497,2015,USA,4767000,5005350,9.904458598726114,0.11464968152866242,84,1,0,0,1-10,1
202683,Enes Kanter,BOS,6-10,250.0,8,7323,624,222,13712.0,2998,43,0.5429189999999999,0.286666,0.77583,5522,150,4773,531,1836,2937,253,294,965,1371,2011,Turkey,4767000,5005350,11.735576923076923,0.3557692307692308,82,1,0,0,1-10,1
1628379,Luke Kennard,DET,6-5,206.0,2,1613,164,44,3821.0,585,260,0.44084399999999996,0.401854,0.863207,1327,647,457,353,42,415,82,29,169,243,2017,USA,3827160,5273826,9.835365853658537,0.2682926829268293,77,1,0,0,11-20,2
203077,Michael Kidd-Gilchrist,CHA,6-6,232.0,7,3738,433,356,10858.0,1458,28,0.474609,0.28,0.7146710000000001,3072,100,2388,511,698,1690,294,301,391,937,2012,USA,13798478,0,8.632794457274827,0.8221709006928406,78,1,0,0,1-10,1
1629663,Louis King,DET,6-7,205.0,0,20,10,0,62.0,8,4,0.380952,0.363636,0.0,21,11,10,5,1,9,2,0,2,10,2019,USA,79568,0,2.0,0.0,79,0,0,1,Undrafted,8
1628467,Maxi Kleber,DAL,6-10,240.0,2,1354,197,68,4055.0,494,203,0.46516,0.354275,0.810945,1062,573,846,176,247,599,77,183,122,377,2017,Germany,8000000,8250000,6.873096446700508,0.34517766497461927,82,0,0,1,Undrafted,8
202688,Brandon Knight,TOT,6-2,182.0,7,6168,438,346,12930.0,2220,686,0.411339,0.351975,0.806501,5397,1949,1356,1731,235,1121,381,74,1068,865,2011,USA,15643750,0,14.082191780821917,0.7899543378995434,74,1,0,0,1-10,1
1629723,John Konchar,MEM,6-5,210.0,0,7,6,0,34.0,3,0,0.6,0.0,1.0,5,2,2,3,0,2,0,0,0,1,2019,USA,79568,0,1.1666666666666667,0.0,77,0,0,1,Undrafted,8
1627788,Furkan Korkmaz,PHI,6-7,202.0,2,818,116,19,1910.0,293,157,0.41797399999999996,0.365967,0.75,701,429,240,108,33,207,60,16,66,148,2017,Turkey,1620564,1762796,7.051724137931035,0.16379310344827586,79,1,0,0,21-30,3
1628436,Luke Kornet,CHI,7-2,250.0,2,666,101,32,1654.0,236,128,0.399323,0.339522,0.77647,591,377,283,111,61,222,43,84,50,120,2017,USA,2250000,2250000,6.594059405940594,0.31683168316831684,86,0,0,1,Undrafted,8
2594,Kyle Korver,MIL,6-7,212.0,16,11868,1221,422,31006.0,4076,2428,0.441986,0.42844499999999996,0.8767860000000001,9222,5667,3618,2101,342,3276,798,402,1281,2505,2003,USA,6004753,0,9.71990171990172,0.34561834561834565,79,0,1,0,51-60,6
1629066,Rodions Kurucs,BKN,6-9,228.0,1,687,95,50,1717.0,259,83,0.45840699999999995,0.34873899999999997,0.7543850000000001,565,238,323,81,72,251,54,27,109,203,2018,Latvia,1699236,1780152,7.231578947368421,0.5263157894736842,81,0,1,0,31-40,4
1628398,Kyle Kuzma,LAL,6-8,221.0,2,3103,191,111,5800.0,1168,351,0.45044300000000004,0.334604,0.733686,2593,1049,1058,377,189,869,106,78,344,410,2017,USA,1974600,3562178,16.24607329842932,0.581151832460733,80,1,0,0,21-30,3
203897,Zach LaVine,CHI,6-6,200.0,5,6102,348,261,10670.0,2194,630,0.44656999999999997,0.376569,0.824334,4913,1673,1256,1249,160,1096,327,92,872,767,2014,USA,19500000,19500000,17.53448275862069,0.75,78,1,0,0,11-20,2
1627746,Skal Labissiere,POR,6-10,235.0,3,1069,148,43,2595.0,429,30,0.491972,0.352941,0.747933,872,85,661,152,223,438,53,99,151,314,2016,Haiti,2338846,3484881,7.222972972972973,0.2905405405405405,82,1,0,0,21-30,3
203087,Jeremy Lamb,IND,6-5,180.0,7,5021,479,128,10165.0,1872,494,0.44528999999999996,0.339986,0.8520129999999999,4204,1453,1783,766,251,1532,349,172,406,791,2012,USA,10500000,10500000,10.482254697286013,0.267223382045929,77,1,0,0,11-20,2
1629641,Romeo Langford,BOS,6-4,216.0,0,54,18,1,184.0,19,4,0.487179,0.26666599999999996,0.75,39,15,18,3,6,12,5,6,5,17,2019,USA,3458400,3631200,3.0,0.05555555555555555,76,1,0,0,11-20,2
1629724,Vic Law,ORL,6-7,201.0,0,0,3,0,4.0,0,0,0.0,0.0,0.0,2,1,0,0,0,0,0,0,0,0,2019,USA,79568,0,0.0,0.0,79,0,0,1,Undrafted,8
1627774,Jake Layman,MIN,6-8,209.0,3,800,155,37,2105.0,317,95,0.458092,0.31045700000000004,0.70297,692,306,298,86,78,220,58,47,80,182,2016,USA,3581986,3761085,5.161290322580645,0.23870967741935484,80,0,1,0,41-50,5
1627747,Caris LeVert,BKN,6-6,205.0,3,2300,196,75,4926.0,856,233,0.430367,0.33670500000000003,0.707171,1989,692,700,665,136,564,199,49,355,377,2016,USA,2625717,16203704,11.73469387755102,0.3826530612244898,78,1,0,0,11-20,2
1628388,TJ Leaf,IND,6-10,222.0,2,448,133,2,1161.0,191,31,0.49610299999999996,0.356321,0.614035,385,87,267,39,92,175,21,26,28,97,2017,USA,2813280,4326825,3.3684210526315788,0.015037593984962405,82,1,0,0,11-20,2
1629665,Jalen Lecque,PHX,6-4,185.0,0,10,4,0,26.0,4,0,0.4,0.0,1.0,10,4,0,2,0,0,0,0,1,2,2019,USA,898310,1517981,2.5,0.0,76,0,0,1,Undrafted,8
201584,Courtney Lee,DAL,6-5,215.0,11,7715,801,513,21736.0,2943,868,0.451103,0.388193,0.852706,6524,2236,2104,1346,359,1745,795,210,754,1319,2008,USA,12759670,0,9.631710362047441,0.6404494382022472,77,1,0,0,21-30,3
1627814,Damion Lee,GSW,6-5,210.0,2,787,86,37,1870.0,278,100,0.417417,0.343642,0.856209,666,291,325,138,49,276,70,4,77,144,2017,USA,921895,1762796,9.151162790697674,0.43023255813953487,77,0,0,1,Undrafted,8
203458,Alex Len,ATL,7-0,250.0,6,3624,452,180,8945.0,1382,94,0.492867,0.32982399999999995,0.69009,2804,285,2829,387,917,1912,188,446,561,1204,2013,Ukraine,4160000,0,8.017699115044248,0.39823008849557523,84,1,0,0,1-10,1
202695,Kawhi Leonard,LAC,6-7,225.0,8,9363,508,481,15722.0,3377,729,0.491414,0.382878,0.853769,6872,1904,3254,1341,628,2626,904,341,804,870,2011,USA,32742000,34379100,18.431102362204726,0.9468503937007874,79,1,0,0,11-20,2
203086,Meyers Leonard,MIA,7-0,260.0,7,2483,442,91,7081.0,952,322,0.483494,0.391727,0.813291,1969,822,1718,391,318,1400,82,127,303,956,2012,USA,11286515,0,5.617647058823529,0.20588235294117646,84,1,0,0,11-20,2
203081,Damian Lillard,POR,6-2,195.0,7,14503,603,603,21901.0,4784,1718,0.436337,0.371138,0.888919,10964,4629,2524,3908,375,2149,585,189,1673,1206,2012,USA,29802321,31626953,24.051409618573796,1.0,74,1,0,0,1-10,1
1629642,Nassir Little,POR,6-5,220.0,0,149,39,5,495.0,55,13,0.429687,0.25490100000000004,0.666666,128,51,99,18,29,70,10,14,15,62,2019,USA,2105520,2210640,3.8205128205128207,0.1282051282051282,77,1,0,0,21-30,3
1626172,Kevon Looney,GSW,6-9,222.0,4,954,219,35,3035.0,407,6,0.577304,0.181818,0.5955550000000001,705,33,812,205,347,465,102,130,107,408,2015,USA,4464286,4821429,4.3561643835616435,0.1598173515981735,81,1,0,0,21-30,3
201572,Brook Lopez,MIL,7-0,282.0,11,12966,769,731,23567.0,4972,508,0.49457799999999996,0.339345,0.7923100000000001,10053,1497,4928,1175,1625,3303,446,1384,1386,2078,2008,USA,12093024,12697675,16.860858257477243,0.9505851755526658,84,1,0,0,1-10,1
201577,Robin Lopez,MIL,7-0,281.0,11,7202,816,582,18333.0,3011,31,0.529453,0.254098,0.75098,5687,122,4173,675,1901,2272,196,961,895,1593,2008,USA,4767000,5005350,8.825980392156863,0.7132352941176471,84,1,0,0,11-20,2
201567,Kevin Love,CLE,6-8,251.0,11,12818,703,620,22461.0,4227,1196,0.442803,0.370852,0.828018,9546,3225,7846,1656,1958,5888,481,318,1385,1482,2008,USA,28942830,31258256,18.233285917496445,0.8819345661450925,80,1,0,0,1-10,1
200768,Kyle Lowry,TOR,6-0,196.0,13,13199,899,663,28352.0,4237,1655,0.423403,0.366555,0.807894,10007,4515,3858,5551,730,3128,1209,259,2072,2437,2006,USA,33296296,30500000,14.681868743047831,0.7374860956618465,72,1,0,0,21-30,3
1626168,Trey Lyles,SAS,6-9,234.0,4,2489,342,85,6044.0,939,293,0.431129,0.334093,0.703539,2178,877,1431,361,269,1162,130,117,290,495,2015,USA,5500000,5500000,7.277777777777778,0.24853801169590642,81,1,0,0,11-20,2
101133,Ian Mahinmi,WAS,6-11,262.0,11,3187,613,128,10269.0,1193,8,0.53378,0.166666,0.613302,2235,48,2687,352,930,1757,350,442,599,1620,2007,France,15450051,0,5.199021207177814,0.20880913539967375,83,1,0,0,21-30,3
1627748,Thon Maker,DET,7-0,221.0,3,1148,247,62,3434.0,401,125,0.43634300000000004,0.327225,0.67378,919,382,679,147,204,475,89,162,135,437,2016,South Sudan,3569643,4861853,4.647773279352227,0.25101214574898784,84,1,0,0,1-10,1
1629611,Terance Mann,LAC,6-5,215.0,0,56,33,6,270.0,22,3,0.41509399999999996,0.25,0.75,53,12,33,38,4,29,8,5,14,36,2019,USA,1000000,1517981,1.696969696969697,0.18181818181818182,77,0,1,0,41-50,5
1626246,Boban Marjanovic,DAL,7-4,290.0,4,1307,214,18,2074.0,482,7,0.577245,0.368421,0.768878,835,19,846,117,290,556,48,78,154,259,2015,Serbia,3500000,3500000,6.107476635514018,0.08411214953271028,88,0,0,1,Undrafted,8
1628374,Lauri Markkanen,CHI,7-0,240.0,2,2697,166,165,5097.0,949,366,0.42999499999999996,0.356377,0.8490190000000001,2207,1027,1276,224,210,1066,115,95,245,317,2017,Finland,5300400,6731508,16.246987951807228,0.9939759036144579,84,1,0,0,1-10,1
1628997,Caleb Martin,CHA,6-5,205.0,0,22,8,1,99.0,8,2,0.32,0.25,0.5714279999999999,25,8,13,5,2,11,3,2,4,13,2019,USA,898310,0,2.75,0.125,77,0,0,1,Undrafted,8
1628998,Cody Martin,CHA,6-5,205.0,0,166,37,1,591.0,61,14,0.43262399999999995,0.259259,0.666666,141,54,104,50,28,76,27,6,25,57,2019,USA,1173310,1517981,4.486486486486487,0.02702702702702703,77,0,1,0,31-40,4
1629725,Jeremiah Martin,BKN,6-2,185.0,0,2,2,0,11.0,1,0,0.25,0.0,0.0,4,0,1,1,0,1,1,0,0,0,2019,USA,79568,0,1.0,0.0,74,0,0,1,Undrafted,8
1629103,Kelan Martin,MIN,6-5,230.0,0,130,22,4,370.0,50,18,0.381679,0.264705,1.0,131,68,72,10,7,65,6,7,12,40,2019,USA,79568,0,5.909090909090909,0.18181818181818182,77,0,0,1,Undrafted,8
1628412,Frank Mason,MIL,5-11,190.0,2,613,94,2,1437.0,216,46,0.388489,0.298701,0.767045,556,154,175,236,37,138,51,14,102,108,2017,USA,79568,0,6.5212765957446805,0.02127659574468085,71,0,1,0,31-40,4
1629726,Garrison Mathews,WAS,6-5,215.0,0,93,16,0,202.0,23,18,0.46,0.428571,0.90625,50,42,23,10,6,17,3,1,7,26,2019,USA,79568,0,5.8125,0.0,77,0,0,1,Undrafted,8
202083,Wesley Matthews,MIL,6-4,220.0,10,10282,775,714,24833.0,3517,1637,0.42414300000000005,0.381496,0.824462,8292,4291,2366,1675,394,1972,820,155,994,1691,2009,USA,2564753,2692991,13.267096774193549,0.9212903225806451,76,0,0,1,Undrafted,8
1627775,Patrick McCaw,TOR,6-7,181.0,3,738,188,42,3180.0,284,90,0.42388000000000003,0.311418,0.784313,670,289,297,257,60,237,131,31,119,215,2016,USA,4000000,4000000,3.925531914893617,0.22340425531914893,79,0,1,0,31-40,4
203468,CJ McCollum,POR,6-3,190.0,6,8435,463,366,14179.0,3244,963,0.453769,0.398427,0.8303790000000001,7149,2417,1493,1391,275,1218,396,171,799,996,2013,USA,27556959,29354152,18.218142548596113,0.7904967602591793,75,1,0,0,1-10,1
1629667,Jalen McDaniels,CHA,6-10,205.0,0,27,5,0,65.0,10,4,0.625,0.5714279999999999,1.0,16,7,12,1,2,10,3,0,0,5,2019,USA,898310,0,5.4,0.0,82,0,1,0,51-60,6
203926,Doug McDermott,IND,6-7,225.0,5,3231,396,14,7931.0,1215,482,0.463563,0.41196499999999997,0.8221639999999999,2621,1170,868,329,142,726,75,40,239,557,2014,USA,7333333,7333333,8.159090909090908,0.03535353535353535,79,1,0,0,11-20,2
201580,JaVale McGee,LAL,7-0,270.0,11,5437,684,300,11860.0,2328,5,0.5742470000000001,0.151515,0.591012,4054,33,3514,273,1284,2230,276,1064,652,1482,2008,USA,4000000,4200000,7.9488304093567255,0.43859649122807015,84,1,0,0,11-20,2
203585,Rodney McGruder,LAC,6-4,205.0,3,1233,204,115,4516.0,467,186,0.410008,0.336347,0.638418,1139,553,649,282,190,459,112,41,143,341,2016,USA,4807693,5192307,6.044117647058823,0.5637254901960784,76,0,0,1,Undrafted,8
1628035,Alfonzo McKinnie,CLE,6-7,215.0,2,516,123,6,1588.0,205,57,0.4638,0.30645100000000003,0.6125,442,186,356,45,113,243,40,22,56,206,2017,USA,1519849,0,4.195121951219512,0.04878048780487805,79,0,0,1,Undrafted,8
1629162,Jordan McLaughlin,MIN,5-11,185.0,0,127,19,1,362.0,50,17,0.454545,0.34,0.666666,110,50,32,73,3,29,19,2,14,17,2019,USA,79568,0,6.684210526315789,0.05263157894736842,71,0,0,1,Undrafted,8
203463,Ben McLemore,HOU,6-3,195.0,6,3790,422,252,10000.0,1361,574,0.41902700000000004,0.359423,0.78041,3248,1597,1027,456,191,836,281,83,503,939,2013,USA,2028594,2283034,8.981042654028435,0.5971563981042654,75,1,0,0,1-10,1
203895,Jordan McRae,TOT,6-5,179.0,3,799,117,9,1591.0,288,80,0.423529,0.36697199999999996,0.777173,680,218,210,160,34,176,44,30,82,137,2015,USA,1645357,0,6.829059829059829,0.07692307692307693,77,0,1,0,51-60,6
1629740,Nicolo Melli,NOP,6-9,236.0,0,257,42,6,656.0,90,47,0.454545,0.373015,0.76923,198,126,117,47,24,93,24,11,30,82,2019,Italy,4102564,3897436,6.119047619047619,0.14285714285714285,81,0,0,1,Undrafted,8
1629001,De'Anthony Melton,MEM,6-2,200.0,1,576,91,31,1739.0,218,50,0.415238,0.290697,0.81081,525,172,283,281,52,231,122,36,135,186,2018,USA,1416852,0,6.329670329670329,0.34065934065934067,74,0,1,0,41-50,5
1629002,Chimezie Metu,SAS,6-9,225.0,1,89,44,0,210.0,35,0,0.402298,0.0,0.76,87,2,59,18,18,41,7,6,18,17,2018,USA,1416852,1663861,2.022727272727273,0.0,81,0,1,0,41-50,5
203114,Khris Middleton,MIL,6-7,222.0,7,8090,502,427,15820.0,2950,870,0.45686800000000005,0.393843,0.873015,6457,2209,2311,1670,298,2013,636,96,952,1305,2012,USA,30603448,33051724,16.115537848605577,0.850597609561753,79,0,1,0,31-40,4
203121,Darius Miller,NOP,6-6,225.0,5,1524,253,28,5162.0,523,327,0.417731,0.382009,0.82967,1252,856,423,346,49,374,110,61,163,510,2012,USA,7250000,7000000,6.023715415019763,0.11067193675889328,78,0,1,0,41-50,5
1626259,Malcolm Miller,TOR,6-7,210.0,2,93,47,5,310.0,31,23,0.413333,0.39655100000000004,0.5714279999999999,75,58,34,12,6,28,6,5,9,26,2017,USA,1588231,0,1.9787234042553192,0.10638297872340426,79,0,0,1,Undrafted,8
200794,Paul Millsap,DEN,6-7,257.0,13,13752,980,693,28575.0,5155,467,0.490345,0.340875,0.737115,10513,1370,7212,2224,2198,5014,1254,989,1731,3017,2006,USA,30000000,0,14.03265306122449,0.7071428571428572,79,0,1,0,41-50,5
1629003,Shake Milton,PHI,6-5,205.0,1,225,42,8,597.0,82,33,0.41206000000000004,0.326732,0.7567560000000001,199,101,80,51,15,65,17,9,29,70,2018,USA,1445697,1701593,5.357142857142857,0.19047619047619047,77,0,1,0,51-60,6
1628378,Donovan Mitchell,UTA,6-1,215.0,2,4733,209,201,7061.0,1733,504,0.44029399999999996,0.353932,0.8195479999999999,3936,1424,841,840,147,694,283,69,576,550,2017,USA,3635760,5195501,22.645933014354068,0.9617224880382775,73,1,0,0,11-20,2
1629690,Adam Mokoka,CHI,6-5,190.0,0,15,6,0,22.0,6,3,0.4,0.428571,0.0,15,7,4,0,4,0,1,0,0,1,2019,France,79568,0,2.5,0.0,77,0,0,1,Undrafted,8
1628370,Malik Monk,CHA,6-3,200.0,2,1590,188,0,3197.0,576,245,0.395061,0.322793,0.8502200000000001,1458,759,349,314,48,301,81,44,207,234,2017,USA,4028400,5345687,8.457446808510639,0.0,75,1,0,0,11-20,2
1629760,Matt Mooney,CLE,6-2,199.0,0,2,2,0,5.0,1,0,0.5,0.0,0.0,2,1,1,1,0,1,0,1,0,1,2019,USA,79568,0,1.0,0.0,74,0,0,1,Undrafted,8
202734,E'Twaun Moore,NOP,6-3,191.0,8,4542,556,189,11977.0,1845,537,0.45555500000000004,0.390261,0.734265,4050,1376,1137,999,264,873,370,122,501,897,2011,USA,8664928,0,8.16906474820144,0.33992805755395683,75,0,1,0,51-60,6
1629630,Ja Morant,MEM,6-3,174.0,0,846,48,48,1435.0,321,38,0.493087,0.35849000000000003,0.783018,651,106,170,340,32,138,48,13,154,76,2019,USA,8730240,9166800,17.625,1.0,75,1,0,0,1-10,1
1629752,Juwan Morgan,UTA,6-7,232.0,0,15,13,0,53.0,7,1,0.538461,0.25,0.0,13,4,14,1,5,9,0,1,3,6,2019,USA,796806,0,1.1538461538461537,0.0,79,0,0,1,Undrafted,8
202693,Markieff Morris,DET,6-8,245.0,8,7212,623,347,16028.0,2783,516,0.448798,0.34515,0.777701,6201,1495,3358,1049,789,2569,545,343,1006,1798,2011,USA,3200000,3360000,11.576243980738363,0.5569823434991974,80,1,0,0,11-20,2
1628420,Monte Morris,DEN,6-2,183.0,2,1328,140,14,3159.0,538,141,0.481216,0.408695,0.804347,1118,345,293,503,54,239,116,15,89,155,2017,USA,1588231,1723707,9.485714285714286,0.1,74,0,1,0,51-60,6
1628405,Johnathan Motley,LAC,6-8,230.0,2,225,45,4,373.0,90,2,0.552147,0.2,0.589041,163,10,109,26,34,75,11,5,30,51,2017,USA,79568,0,5.0,0.08888888888888889,80,0,0,1,Undrafted,8
1626144,Emmanuel Mudiay,UTA,6-3,200.0,4,3228,291,164,7049.0,1199,272,0.4002,0.323809,0.741035,2996,840,867,1127,136,731,208,87,655,478,2015,Democratic Republic of the Congo,1737145,0,11.092783505154639,0.563573883161512,75,1,0,0,1-10,1
1627749,Dejounte Murray,SAS,6-4,180.0,2,1302,169,98,3293.0,531,46,0.457758,0.351145,0.734848,1160,131,791,477,175,616,187,50,266,288,2016,USA,2321735,14286000,7.704142011834319,0.5798816568047337,76,1,0,0,21-30,3
1627750,Jamal Murray,DEN,6-4,215.0,3,4379,283,208,8232.0,1603,514,0.43785799999999997,0.35893800000000003,0.8821950000000001,3661,1432,1005,1021,222,783,253,92,542,530,2016,Canada,4444746,29000000,15.473498233215548,0.734982332155477,76,1,0,0,1-10,1
1629058,Dzanan Musa,BKN,6-9,217.0,1,167,44,0,444.0,59,16,0.36645900000000003,0.213333,0.717391,161,75,76,33,20,56,15,1,33,26,2018,Bosnia and Herzegovina,1911600,2002800,3.7954545454545454,0.0,81,1,0,0,21-30,3
203488,Mike Muscala,OKC,6-10,240.0,6,1923,343,28,5339.0,703,256,0.45977700000000005,0.362093,0.8392280000000001,1529,707,1088,319,308,780,122,170,218,506,2013,USA,2028594,2283034,5.606413994169096,0.08163265306122448,82,0,1,0,41-50,5
1627846,Abdel Nader,OKC,6-5,225.0,2,602,147,7,1789.0,217,84,0.410207,0.33734899999999995,0.7179479999999999,529,249,244,70,37,207,49,34,91,161,2017,Egypt,1618520,1752950,4.095238095238095,0.047619047619047616,77,0,1,0,51-60,6
203894,Shabazz Napier,TOT,6-0,175.0,5,2242,329,45,5576.0,746,323,0.395127,0.345454,0.8148850000000001,1888,935,619,789,98,521,261,45,409,371,2014,USA,1845301,0,6.814589665653496,0.13677811550151975,72,1,0,0,21-30,3
203526,Raul Neto,PHI,6-1,180.0,4,1127,243,56,3296.0,431,137,0.44250500000000004,0.37740999999999997,0.7757569999999999,974,363,309,440,45,264,130,20,230,294,2015,Brazil,1737145,0,4.637860082304527,0.23045267489711935,73,0,1,0,41-50,5
1627777,Georges Niang,UTA,6-7,230.0,3,546,139,0,1293.0,199,106,0.44618800000000003,0.392592,0.84,446,270,201,75,27,174,27,11,53,121,2016,USA,1645357,1783557,3.9280575539568345,0.0,79,0,1,0,41-50,5
203457,Nerlens Noel,OKC,6-10,220.0,5,2804,345,166,7699.0,1154,2,0.538497,0.28571399999999997,0.649145,2143,7,2174,415,681,1493,461,477,475,865,2013,USA,1882867,0,8.127536231884058,0.4811594202898551,82,1,0,0,1-10,1
1629669,Jaylen Nowell,MIN,6-4,201.0,0,40,9,0,102.0,14,3,0.35897399999999996,0.15,0.9,39,20,9,11,2,7,0,1,3,6,2019,USA,1400000,1517981,4.444444444444445,0.0,76,0,1,0,41-50,5
1628373,Frank Ntilikina,NYK,6-4,200.0,2,991,170,50,3619.0,382,117,0.3614,0.304687,0.774647,1057,384,372,518,69,303,140,48,251,407,2017,France,4855800,6176578,5.829411764705882,0.29411764705882354,76,1,0,0,1-10,1
1629134,Kendrick Nunn,MIA,6-2,190.0,0,782,51,51,1532.0,310,99,0.439093,0.341379,0.828947,706,290,139,177,14,125,44,10,89,113,2018,USA,1416852,1663861,15.333333333333334,1.0,74,0,0,1,Undrafted,8
203994,Jusuf Nurkic,POR,7-0,290.0,5,3608,310,229,7103.0,1443,3,0.49148500000000006,0.07142799999999999,0.666357,2936,42,2480,589,776,1704,261,400,635,956,2014,Bosnia and Herzegovina,12000000,12888889,11.638709677419355,0.7387096774193549,84,1,0,0,11-20,2
1626220,Royce O'Neale,UTA,6-4,226.0,2,1087,205,67,4400.0,397,176,0.449603,0.385964,0.795918,883,456,800,356,66,734,129,61,171,433,2017,USA,1618520,8500000,5.302439024390244,0.32682926829268294,76,0,0,1,Undrafted,8
203124,Kyle O'Quinn,PHI,6-9,250.0,7,2542,465,64,6622.0,1075,31,0.517324,0.22794099999999998,0.741273,2078,136,2131,624,621,1510,186,446,456,952,2012,USA,2174318,0,5.466666666666667,0.13763440860215054,81,0,1,0,41-50,5
1628400,Semi Ojeleye,BOS,6-6,240.0,2,533,179,7,2489.0,183,96,0.385263,0.32653000000000004,0.67619,475,294,342,70,81,261,49,12,54,190,2017,USA,1618520,1752950,2.977653631284916,0.03910614525139665,78,0,1,0,31-40,4
1626143,Jahlil Okafor,NOP,6-10,270.0,4,2392,217,114,4432.0,1016,4,0.535864,0.235294,0.674242,1896,17,1093,211,352,741,67,187,324,471,2015,USA,1702486,0,11.023041474654377,0.5253456221198156,82,1,0,0,1-10,1
1629059,Elie Okobo,PHX,6-3,190.0,1,494,98,19,1566.0,177,62,0.395973,0.316326,0.722222,447,196,171,225,26,145,54,11,98,154,2018,France,1416852,1663861,5.040816326530612,0.19387755102040816,75,0,1,0,31-40,4
1629006,Josh Okogie,MIN,6-4,213.0,1,1010,125,69,3004.0,335,93,0.396449,0.268011,0.76,845,347,440,171,111,329,146,54,137,274,2018,Nigeria,2530680,2651040,8.08,0.552,76,1,0,0,11-20,2
1629644,KZ Okpala,MIA,6-8,215.0,0,7,5,0,26.0,3,0,0.6,0.0,0.5,5,1,5,1,1,4,2,1,1,2,2019,USA,898310,1517981,1.4,0.0,80,0,1,0,31-40,4
203506,Victor Oladipo,IND,6-4,213.0,6,7106,409,349,13535.0,2619,628,0.440983,0.349082,0.793346,5939,1799,1873,1609,255,1618,684,200,1045,982,2013,USA,21000000,21000000,17.374083129584353,0.8533007334963325,76,1,0,0,1-10,1
203482,Kelly Olynyk,MIA,6-11,240.0,6,4649,481,97,10281.0,1696,533,0.47626999999999997,0.368858,0.772678,3561,1445,2336,888,571,1765,341,215,686,1332,2013,Canada,12667885,13598243,9.665280665280665,0.20166320166320167,83,1,0,0,11-20,2
1629671,Miye Oni,UTA,6-5,206.0,0,0,3,0,8.0,0,0,0.0,0.0,0.0,0,0,1,0,0,1,0,0,1,0,2019,USA,898310,1517981,0.0,0.0,77,0,1,0,51-60,6
1626224,Cedi Osman,CLE,6-7,230.0,2,1811,191,141,4676.0,669,261,0.438688,0.3625,0.713804,1525,720,662,362,90,572,127,29,222,404,2017,Turkey,2907143,8840580,9.481675392670157,0.7382198952879581,79,0,1,0,31-40,4
1629745,Tariq Owens,PHX,6-10,205.0,0,4,3,0,15.0,1,0,0.2,0.0,1.0,5,2,3,0,2,1,1,0,0,1,2019,USA,79568,0,1.3333333333333333,0.0,82,0,0,1,Undrafted,8
203953,Jabari Parker,ATL,6-8,245.0,5,4204,279,190,8179.0,1698,201,0.49217299999999997,0.324193,0.738442,3450,620,1610,583,427,1183,263,111,512,595,2014,USA,6500000,6500000,15.068100358422939,0.6810035842293907,80,1,0,0,1-10,1
1629672,Eric Paschall,GSW,6-6,255.0,0,662,50,24,1334.0,253,29,0.481904,0.281553,0.7743899999999999,525,103,234,85,69,165,29,12,76,106,2019,USA,898310,1517981,13.24,0.48,78,0,1,0,41-50,5
1628394,Anzejs Pasecniks,WAS,7-2,229.0,0,139,20,0,370.0,54,0,0.529411,0.0,0.62,102,2,94,17,37,57,8,10,22,58,2019,Latvia,561711,0,6.95,0.0,86,1,0,0,21-30,3
202335,Patrick Patterson,LAC,6-8,235.0,9,4512,667,99,14141.0,1775,573,0.447667,0.367543,0.752417,3965,1559,2690,695,797,1893,353,288,433,1057,2010,USA,3068660,737067,6.764617691154423,0.14842578710644677,80,1,0,0,11-20,2
101108,Chris Paul,OKC,6-1,175.0,14,18523,1003,1003,35031.0,6486,1354,0.470034,0.369339,0.869484,13799,3666,4526,9530,660,3866,2205,130,2416,2465,2005,USA,38506482,41358814,18.467597208374876,1.0,73,1,0,0,1-10,1
203901,Elfrid Payton,NYK,6-3,195.0,5,4148,378,322,11092.0,1710,158,0.451783,0.29477600000000004,0.624315,3785,536,1660,2489,429,1231,507,135,910,831,2014,USA,8000000,8000000,10.973544973544973,0.8518518518518519,75,1,0,0,1-10,1
1627780,Gary Payton II,WAS,6-3,195.0,3,204,55,23,742.0,87,20,0.412322,0.26315700000000003,0.454545,211,76,131,83,39,92,45,15,37,89,2016,USA,1043355,0,3.709090909090909,0.41818181818181815,75,0,0,1,Undrafted,8
203658,Norvel Pelle,PHI,6-10,231.0,0,40,16,0,164.0,17,0,0.586206,0.0,0.5,29,0,54,7,14,40,1,23,12,35,2019,USA,540367,0,2.5,0.0,82,0,0,1,Undrafted,8
1629033,Theo Pinson,BKN,6-5,212.0,1,199,46,0,553.0,69,27,0.309417,0.21951199999999998,0.8947360000000001,223,123,84,73,14,70,21,2,50,48,2018,USA,1445697,1701593,4.326086956521739,0.0,77,0,0,1,Undrafted,8
203486,Mason Plumlee,DEN,6-11,254.0,6,4306,514,257,11169.0,1690,2,0.572687,0.06451599999999999,0.564102,2951,31,3216,1134,1021,2195,389,479,762,1388,2013,USA,14041096,0,8.377431906614786,0.5,83,1,0,0,21-30,3
1627751,Jakob Poeltl,SAS,7-1,245.0,3,1447,267,37,4345.0,636,1,0.639195,0.5,0.5471689999999999,995,2,1263,259,519,744,111,268,206,542,2016,Austria,3754885,5087870,5.419475655430712,0.13857677902621723,85,1,0,0,1-10,1
1629738,Vincent Poirier,BOS,7-0,235.0,0,35,18,0,108.0,14,1,0.46666599999999997,0.5,0.857142,30,2,33,7,9,24,2,6,6,22,2019,France,2505793,2619207,1.9444444444444444,0.0,84,0,0,1,Undrafted,8
1629673,Jordan Poole,GSW,6-4,194.0,0,376,48,10,1033.0,120,58,0.29484,0.26484,0.838709,407,219,98,95,6,92,30,9,49,76,2019,USA,1964760,2063280,7.833333333333333,0.20833333333333334,76,1,0,0,21-30,3
1626171,Bobby Portis,NYK,6-10,250.0,4,3066,304,53,6185.0,1234,258,0.453176,0.358333,0.750551,2723,720,1824,368,541,1283,154,86,327,565,2015,USA,15000000,15750000,10.085526315789474,0.17434210526315788,82,1,0,0,21-30,3
204001,Kristaps Porzingis,DAL,7-3,240.0,3,4086,228,227,7047.0,1472,380,0.433068,0.357815,0.798742,3399,1062,1700,310,373,1327,166,457,402,722,2015,Latvia,27285000,29467800,17.92105263157895,0.9956140350877193,87,1,0,0,1-10,1
203939,Dwight Powell,DAL,6-10,240.0,5,2867,371,88,6956.0,1062,103,0.563395,0.29344699999999996,0.73903,1885,351,1711,364,545,1166,251,173,247,782,2014,Canada,10259375,11080125,7.727762803234501,0.2371967654986523,82,0,1,0,41-50,5
1626181,Norman Powell,TOR,6-3,215.0,4,2391,293,80,5353.0,877,290,0.454168,0.35802399999999995,0.814553,1931,810,685,373,94,591,205,67,290,469,2015,USA,10116576,10865952,8.160409556313994,0.27303754266211605,75,0,1,0,41-50,5
1627752,Taurean Prince,BKN,6-7,218.0,3,2894,249,192,6570.0,1029,460,0.41558900000000004,0.370967,0.8156180000000001,2476,1240,1075,493,140,935,230,109,457,532,2016,USA,3481985,12250000,11.622489959839358,0.7710843373493976,79,1,0,0,11-20,2
203944,Julius Randle,NYK,6-8,250.0,5,5807,364,284,10595.0,2195,159,0.49348000000000003,0.29067600000000005,0.720091,4448,547,3264,1017,787,2477,240,174,907,1158,2014,USA,18000000,18900000,15.953296703296703,0.7802197802197802,80,1,0,0,1-10,1
1629729,Josh Reaves,DAL,6-4,214.0,0,0,2,0,1.0,0,0,0.0,0.0,0.0,1,0,0,0,0,0,0,0,0,0,2019,USA,79568,0,0.0,0.0,76,0,0,1,Undrafted,8
1629629,Cam Reddish,ATL,6-8,218.0,0,446,48,31,1247.0,153,62,0.352534,0.316326,0.787878,434,196,179,74,30,149,49,22,78,110,2019,USA,4245720,4458000,9.291666666666666,0.6458333333333334,80,1,0,0,1-10,1
200755,JJ Redick,NOP,6-3,200.0,13,11544,885,487,22989.0,3853,1852,0.44823100000000005,0.416179,0.8909819999999999,8596,4450,1818,1788,167,1651,406,83,988,1347,2006,USA,13486300,13013700,13.04406779661017,0.5502824858757062,75,1,0,0,11-20,2
1629675,Naz Reid,MIN,6-9,264.0,0,140,19,0,216.0,51,22,0.41803199999999996,0.360655,0.761904,122,61,52,14,14,38,6,10,12,44,2019,USA,898310,1517981,7.368421052631579,0.0,81,0,0,1,Undrafted,8
1626196,Josh Richardson,PHI,6-5,200.0,4,3731,300,229,9214.0,1367,483,0.427321,0.363978,0.815873,3199,1327,955,874,211,744,334,199,439,745,2015,USA,10116576,10865952,12.436666666666667,0.7633333333333333,77,0,1,0,31-40,4
203085,Austin Rivers,HOU,6-3,200.0,7,4881,534,149,13102.0,1814,583,0.416724,0.345788,0.6411479999999999,4353,1686,1110,1231,182,928,369,99,599,1176,2012,USA,2174310,2436046,9.140449438202246,0.27902621722846443,75,1,0,0,1-10,1
203460,Andre Roberson,OKC,6-7,210.0,5,1356,295,269,6651.0,563,108,0.48202,0.25653200000000004,0.46743199999999996,1168,421,1188,257,348,840,264,195,181,641,2013,USA,10740740,0,4.596610169491526,0.911864406779661,79,1,0,0,21-30,3
1629130,Duncan Robinson,MIA,6-7,215.0,1,731,69,50,1734.0,243,201,0.451672,0.42675100000000005,0.8627450000000001,538,471,194,80,10,184,33,13,46,168,2018,USA,1416852,1663861,10.594202898550725,0.7246376811594203,79,0,0,1,Undrafted,8
1629010,Jerome Robinson,TOT,6-4,190.0,1,248,78,1,851.0,95,40,0.36398400000000003,0.30303,0.6,261,132,114,69,8,106,25,11,41,108,2018,USA,3567720,3737520,3.1794871794871793,0.01282051282051282,76,1,0,0,11-20,2
1629011,Mitchell Robinson,NYK,7-0,240.0,1,953,117,26,2514.0,402,0,0.711504,0.0,0.5912689999999999,565,0,764,65,323,441,97,255,68,386,2018,USA,1559712,1663861,8.145299145299145,0.2222222222222222,84,0,1,0,31-40,4
203922,Glenn Robinson III,TOT,6-6,222.0,5,1591,269,99,4685.0,611,168,0.45733500000000005,0.374164,0.761363,1336,449,689,208,179,510,136,54,140,242,2014,USA,1882867,0,5.91449814126394,0.3680297397769517,78,0,1,0,31-40,4
1629676,Isaiah Roby,OKC,6-8,230.0,0,0,1,0,2.0,0,0,0.0,0.0,0.0,1,0,0,0,0,0,0,0,0,0,2019,USA,1500000,1517981,0.0,0.0,80,0,1,0,41-50,5
200765,Rajon Rondo,LAL,6-1,180.0,13,8862,863,728,26916.0,3703,378,0.458859,0.318449,0.607323,8070,1187,4116,7176,872,3244,1441,115,2425,1878,2006,USA,2564753,2692991,10.26882966396292,0.8435689455388181,73,1,0,0,21-30,3
201565,Derrick Rose,DET,6-2,200.0,11,11098,591,499,19283.0,4339,465,0.456016,0.304319,0.82594,9515,1528,2021,3316,494,1527,446,202,1561,774,2008,USA,7317074,7682926,18.77834179357022,0.8443316412859561,74,1,0,0,1-10,1
203082,Terrence Ross,ORL,6-6,206.0,7,5871,545,176,13362.0,2166,1009,0.41863100000000003,0.36690900000000004,0.822981,5174,2750,1527,593,197,1330,459,183,491,943,2012,USA,12500000,13500000,10.772477064220183,0.3229357798165138,78,1,0,0,1-10,1
1626179,Terry Rozier,CHA,6-1,190.0,4,3035,325,83,7248.0,1085,473,0.39099,0.363008,0.808247,2775,1303,1214,849,202,1012,254,62,340,427,2015,USA,19894737,18900000,9.338461538461539,0.2553846153846154,73,1,0,0,11-20,2
201937,Ricky Rubio,PHX,6-3,190.0,8,6101,545,524,16842.0,1980,464,0.389074,0.32356999999999997,0.8376620000000001,5089,1434,2299,4220,365,1934,1023,75,1487,1423,2011,Spain,16200000,17000000,11.194495412844036,0.9614678899082569,75,1,0,0,1-10,1
1626156,D'Angelo Russell,TOT,6-4,193.0,4,5320,307,259,8879.0,1969,717,0.42054600000000003,0.357605,0.767898,4682,2005,1127,1603,176,951,350,76,882,575,2015,USA,27285000,28649250,17.32899022801303,0.8436482084690554,76,1,0,0,1-10,1
1627734,Domantas Sabonis,IND,6-11,240.0,3,3332,281,142,7079.0,1324,86,0.520644,0.317343,0.7230949999999999,2543,271,2198,696,555,1643,165,121,522,833,2016,Lithuania,3529554,18500000,11.857651245551601,0.505338078291815,83,1,0,0,11-20,2
203960,JaKarr Sampson,IND,6-7,214.0,4,1019,191,88,3011.0,394,57,0.459743,0.253333,0.661596,857,225,506,140,118,388,79,92,164,363,2014,USA,1737145,0,5.335078534031414,0.4607329842931937,79,0,0,1,Undrafted,8
203967,Dario Saric,PHX,6-10,225.0,3,3501,288,193,7650.0,1261,439,0.43422799999999995,0.35176199999999996,0.837209,2904,1248,1778,601,465,1313,183,71,487,611,2016,Croatia,3481985,4791212,12.15625,0.6701388888888888,82,1,0,0,11-20,2
203107,Tomas Satoransky,CHI,6-7,210.0,3,1952,265,142,6101.0,725,179,0.475721,0.37843499999999997,0.817721,1524,473,796,1071,236,560,231,41,347,475,2016,Czech Republic,10000000,10000000,7.366037735849057,0.5358490566037736,79,0,1,0,31-40,4
1629678,Admiral Schofield,WAS,6-5,241.0,0,83,26,2,292.0,30,14,0.4,0.29787199999999997,0.692307,75,47,34,14,6,28,8,3,7,41,2019,United Kingdom,1000000,1517981,3.1923076923076925,0.07692307692307693,77,0,1,0,41-50,5
203118,Mike Scott,PHI,6-7,237.0,7,3418,491,18,8071.0,1318,422,0.457321,0.360068,0.7627109999999999,2882,1172,1545,434,346,1199,154,59,332,720,2012,USA,4767000,5005350,6.961303462321792,0.03665987780040733,79,0,1,0,41-50,5
200757,Thabo Sefolosha,HOU,6-6,215.0,13,4992,866,475,19033.0,1916,513,0.44997600000000004,0.35017,0.731073,4258,1465,3249,1195,626,2623,931,366,754,1417,2006,Switzerland,2564753,0,5.764434180138569,0.5484988452655889,78,1,0,0,11-20,2
1629012,Collin Sexton,CLE,6-1,190.0,1,2440,136,126,4342.0,929,191,0.443013,0.387423,0.8481559999999999,2097,493,408,389,112,296,97,13,303,299,2018,USA,4764960,4991880,17.941176470588236,0.9264705882352942,73,1,0,0,1-10,1
1629013,Landry Shamet,LAC,6-4,190.0,1,1106,116,52,2865.0,367,257,0.43227299999999996,0.41653100000000004,0.8394159999999999,849,617,211,187,25,186,52,18,72,263,2018,USA,1995120,2090040,9.53448275862069,0.4482758620689655,76,1,0,0,21-30,3
1629621,Marial Shayok,PHI,6-5,198.0,0,3,2,0,10.0,1,1,0.2,0.333333,0.0,5,3,3,1,0,3,0,0,1,0,2019,Canada,79568,0,1.5,0.0,77,0,1,0,51-60,6
1627783,Pascal Siakam,TOR,6-9,230.0,3,3205,260,166,6624.0,1260,202,0.5062270000000001,0.33114699999999997,0.763033,2489,610,1430,576,319,1111,205,178,359,638,2016,Cameroon,2351838,29000000,12.326923076923077,0.6384615384615384,81,1,0,0,21-30,3
1629735,Chris Silva,MIA,6-8,234.0,0,113,37,0,289.0,41,0,0.6307689999999999,0.0,0.6888880000000001,65,2,104,18,51,53,9,17,30,75,2019,Gabon,546486,1517981,3.054054054054054,0.0,80,0,0,1,Undrafted,8
1627732,Ben Simmons,PHI,6-10,240.0,2,3513,213,213,7358.0,1443,2,0.560823,0.08695599999999999,0.594671,2573,23,1777,1712,424,1353,367,162,743,593,2016,Australia,8113929,29000000,16.492957746478872,1.0,82,1,0,0,1-10,1
1628424,Kobi Simmons,CLE,6-5,180.0,2,196,33,12,645.0,80,11,0.42328000000000005,0.282051,1.0,189,39,50,68,14,36,18,5,44,61,2017,USA,79568,0,5.9393939393939394,0.36363636363636365,77,0,0,1,Undrafted,8
1629014,Anfernee Simons,POR,6-3,181.0,1,577,75,5,1360.0,215,74,0.41828699999999996,0.341013,0.776595,514,217,149,96,25,124,18,9,64,117,2018,USA,2149560,2252040,7.693333333333333,0.06666666666666667,75,1,0,0,21-30,3
1629346,Alen Smailagic,GSW,6-10,215.0,0,56,12,0,118.0,19,3,0.527777,0.272727,0.833333,36,11,24,9,8,16,2,4,9,12,2019,Serbia,898310,1517981,4.666666666666667,0.0,82,0,1,0,31-40,4
203935,Marcus Smart,BOS,6-3,220.0,5,3682,383,171,11000.0,1227,540,0.37306100000000003,0.31690100000000004,0.7713,3289,1704,1354,1537,345,1009,595,142,648,991,2014,USA,12553571,12946428,9.613577023498694,0.4464751958224543,75,1,0,0,1-10,1
1629015,Zhaire Smith,PHI,6-3,205.0,1,48,13,2,143.0,17,6,0.377777,0.315789,0.666666,45,19,15,12,3,12,5,2,8,12,2018,USA,3058800,3204600,3.6923076923076925,0.15384615384615385,75,1,0,0,11-20,2
203503,Tony Snell,DET,6-6,213.0,6,3168,492,266,11010.0,1155,610,0.427936,0.386565,0.8322139999999999,2699,1578,1134,549,136,998,228,115,282,682,2013,USA,11392857,12178571,6.439024390243903,0.540650406504065,78,1,0,0,11-20,2
1629016,Omari Spellman,GSW,6-8,245.0,1,642,95,14,1691.0,225,87,0.41743900000000006,0.365546,0.766423,539,238,413,94,149,264,59,49,85,130,2018,USA,1897800,1988280,6.757894736842105,0.14736842105263157,80,1,0,0,21-30,3
1629622,Max Strus,CHI,6-5,215.0,0,5,2,0,6.0,2,0,0.666666,0.0,1.0,3,1,1,0,1,0,0,0,0,1,2019,USA,79568,0,2.5,0.0,77,0,0,1,Undrafted,8
1628410,Edmond Sumner,IND,6-4,196.0,2,154,44,4,480.0,58,15,0.4,0.283018,0.621621,145,53,54,38,17,37,25,11,25,55,2017,USA,2000000,2160000,3.5,0.09090909090909091,76,0,1,0,51-60,6
1628403,Caleb Swanigan,TOT,6-9,260.0,2,144,66,4,566.0,60,2,0.40268400000000004,0.117647,0.594594,149,17,186,41,53,133,13,10,59,105,2017,USA,2033160,0,2.1818181818181817,0.06060606060606061,81,1,0,0,21-30,3
1628369,Jayson Tatum,BOS,6-8,210.0,2,3437,208,208,6557.0,1255,347,0.45405200000000007,0.39164699999999997,0.8345319999999999,2764,886,1217,441,171,1046,235,158,341,440,2017,USA,7830000,9897120,16.52403846153846,1.0,80,1,0,0,1-10,1
201952,Jeff Teague,TOT,6-3,195.0,10,9593,760,592,21001.0,3391,666,0.444721,0.356531,0.843823,7625,1868,1879,4420,253,1626,897,262,1723,1471,2009,USA,19000000,0,12.62236842105263,0.7789473684210526,75,1,0,0,11-20,2
202066,Garrett Temple,BKN,6-5,195.0,9,3507,562,242,11782.0,1250,536,0.403225,0.347826,0.731366,3100,1541,1258,952,224,1034,475,173,530,1069,2009,USA,4767000,5005350,6.240213523131673,0.4306049822064057,77,0,0,1,Undrafted,8
1628464,Daniel Theis,BOS,6-8,245.0,2,1093,176,51,2919.0,429,64,0.545801,0.33684200000000003,0.733905,786,190,793,201,276,517,82,153,126,476,2017,Germany,5000000,5000000,6.2102272727272725,0.2897727272727273,80,0,0,1,Undrafted,8
1629017,Khyri Thomas,DET,6-3,210.0,1,62,28,0,201.0,22,10,0.31884,0.28571399999999997,0.615384,69,35,20,8,4,16,7,5,4,22,2018,USA,1416852,1663861,2.2142857142857144,0.0,75,0,1,0,31-40,4
1629744,Matt Thomas,TOR,6-4,190.0,0,109,24,0,250.0,39,26,0.4875,0.48148100000000005,0.7142850000000001,80,54,33,13,4,29,7,0,8,21,2019,USA,898310,1517981,4.541666666666667,0.0,76,0,0,1,Undrafted,8
202691,Klay Thompson,GSW,6-6,215.0,8,11995,615,578,20338.0,4512,1798,0.459376,0.41911400000000004,0.847543,9822,4290,2130,1416,273,1857,561,332,1053,1313,2011,USA,32742000,35361360,19.504065040650406,0.9398373983739837,78,1,0,0,11-20,2
202684,Tristan Thompson,CLE,6-9,254.0,8,5760,612,426,17182.0,2309,7,0.518177,0.304347,0.612189,4456,23,5332,607,2096,3236,316,441,710,1425,2011,Canada,18539130,0,9.411764705882353,0.696078431372549,81,1,0,0,1-10,1
1629680,Matisse Thybulle,PHI,6-5,201.0,0,231,47,10,954.0,80,47,0.408163,0.373015,0.648648,196,126,74,57,25,49,68,40,40,107,2019,USA,2582160,2711280,4.914893617021277,0.2127659574468085,77,1,0,0,11-20,2
201229,Anthony Tolliver,TOT,6-8,240.0,11,4372,706,101,13863.0,1443,844,0.41548999999999997,0.372626,0.769784,3473,2265,2373,638,537,1836,262,212,450,1150,2008,USA,2564753,0,6.192634560906516,0.14305949008498584,80,0,0,1,Undrafted,8
1626157,Karl-Anthony Towns,MIN,6-11,248.0,4,8113,358,358,12307.0,3063,507,0.5335300000000001,0.396093,0.830993,5741,1280,4209,992,1121,3088,278,523,904,1180,2015,USA,27285000,29467800,22.662011173184357,1.0,83,1,0,0,1-10,1
1629019,Allonzo Trier,NYK,6-4,200.0,1,815,84,4,1705.0,269,67,0.44610200000000005,0.376404,0.8015260000000001,603,178,223,143,35,188,30,18,136,141,2018,USA,3551100,0,9.702380952380953,0.047619047619047616,76,0,0,1,Undrafted,8
1629730,Rayjon Tucker,UTA,6-3,209.0,0,19,12,0,74.0,8,0,0.42105200000000004,0.0,0.6,19,6,11,2,2,9,1,0,3,7,2019,USA,578572,0,1.5833333333333333,0.0,75,0,0,1,Undrafted,8
202323,Evan Turner,ATL,6-6,220.0,9,6824,705,295,18939.0,2748,270,0.434054,0.29443800000000003,0.7819659999999999,6331,917,3278,2462,388,2890,532,184,1267,1380,2010,USA,18606556,0,9.679432624113476,0.41843971631205673,78,1,0,0,1-10,1
1626167,Myles Turner,IND,6-11,250.0,4,4139,325,292,9171.0,1582,240,0.489026,0.357675,0.77044,3235,671,2146,405,453,1693,229,662,428,913,2015,USA,18000000,18000000,12.735384615384616,0.8984615384615384,83,1,0,0,11-20,2
202685,Jonas Valanciunas,MEM,6-11,265.0,7,6661,540,512,13628.0,2641,72,0.561675,0.363636,0.781231,4702,198,4702,487,1405,3297,206,571,826,1507,2012,Lithuania,16000000,15000000,12.335185185185185,0.9481481481481482,83,1,0,0,1-10,1
1627756,Denzel Valentine,CHI,6-4,220.0,2,1247,164,37,3437.0,469,252,0.399829,0.371134,0.77027,1173,679,601,341,63,538,115,23,168,311,2016,USA,3377568,4698197,7.603658536585366,0.22560975609756098,76,1,0,0,11-20,2
1627832,Fred VanVleet,TOR,6-1,197.0,3,2273,222,73,5195.0,790,355,0.411887,0.394883,0.838709,1918,899,561,891,68,493,227,55,275,381,2016,USA,9346153,0,10.23873873873874,0.32882882882882886,73,0,0,1,Undrafted,8
1629020,Jarred Vanderbilt,TOT,6-9,214.0,1,36,28,0,116.0,14,0,0.518518,0.0,0.666666,27,2,32,5,10,22,9,2,15,14,2018,USA,1416852,1663861,1.2857142857142858,0.0,81,0,1,0,41-50,5
203943,Noah Vonleh,TOT,6-10,257.0,5,1651,329,171,5654.0,636,92,0.45920500000000003,0.309764,0.691566,1385,297,1737,254,468,1269,137,136,264,606,2014,USA,2000000,0,5.018237082066869,0.5197568389057751,82,1,0,0,1-10,1
202696,Nikola Vucevic,ORL,6-11,260.0,8,9245,580,519,17520.0,4027,252,0.498144,0.335552,0.744057,8084,751,5913,1474,1574,4339,500,550,1007,1472,2011,Montenegro,28000000,26000000,15.939655172413794,0.8948275862068965,83,1,0,0,11-20,2
1629731,Dean Wade,CLE,6-9,228.0,0,16,10,0,54.0,7,2,0.7,0.666666,0.0,10,3,16,1,2,14,2,3,3,7,2019,USA,79568,0,1.6,0.0,81,0,0,1,Undrafted,8
1629021,Moritz Wagner,WAS,6-11,245.0,1,502,69,9,973.0,185,45,0.5082409999999999,0.32142800000000005,0.798165,364,140,234,57,53,181,29,28,88,152,2018,Germany,2063520,2161920,7.27536231884058,0.13043478260869565,83,1,0,0,21-30,3
202689,Kemba Walker,BOS,6-0,184.0,8,12991,650,605,22042.0,4491,1435,0.41901400000000005,0.360462,0.8373450000000001,10718,3981,2497,3531,380,2117,844,258,1413,984,2011,USA,32742000,34379100,19.986153846153847,0.9307692307692308,72,1,0,0,1-10,1
202322,John Wall,WAS,6-4,210.0,9,10879,573,561,20544.0,3942,539,0.432853,0.324113,0.78117,9107,1663,2483,5282,330,2153,976,396,2191,1289,2010,USA,38199000,41254920,18.986038394415356,0.9790575916230366,76,1,0,0,1-10,1
202954,Brad Wanamaker,BOS,6-3,210.0,1,482,88,0,1316.0,165,44,0.44354799999999994,0.382608,0.9,372,115,145,195,16,129,50,13,76,128,2018,USA,1445697,0,5.4772727272727275,0.0,75,0,0,1,Undrafted,8
1629139,Yuta Watanabe,MEM,6-8,215.0,1,55,24,0,223.0,21,4,0.32307600000000003,0.2,0.642857,65,20,39,9,5,34,5,2,7,16,2018,Japan,79568,0,2.2916666666666665,0.0,80,0,0,1,Undrafted,8
1629682,Tremont Waters,BOS,5-10,175.0,0,28,9,0,73.0,10,2,0.357142,0.13333299999999998,1.0,28,15,7,10,0,7,5,2,8,10,2019,USA,79568,0,3.111111111111111,0.0,70,0,1,0,51-60,6
1628778,Paul Watson,TOT,6-6,210.0,0,1,4,0,22.0,0,0,0.0,0.0,0.5,7,3,3,4,0,3,1,0,0,1,2019,USA,130319,0,0.25,0.0,78,0,0,1,Undrafted,8
1629683,Quinndary Weatherspoon,SAS,6-3,205.0,0,0,1,0,4.0,0,0,0.0,0.0,0.0,1,0,0,0,0,0,0,0,0,0,2019,USA,79568,0,0.0,0.0,75,0,1,0,41-50,5
201566,Russell Westbrook,HOU,6-3,200.0,11,20082,866,849,29949.0,7099,965,0.436217,0.30384099999999997,0.800618,16274,3176,6120,7221,1445,4675,1515,266,3523,2224,2008,USA,38506482,41358814,23.189376443418013,0.9803695150115473,75,1,0,0,1-10,1
1629632,Coby White,CHI,6-4,195.0,0,612,55,0,1337.0,223,98,0.370431,0.337931,0.747252,602,290,192,132,25,167,41,4,80,91,2019,USA,5307120,5572680,11.127272727272727,0.0,76,1,0,0,1-10,1
1628401,Derrick White,SAS,6-4,190.0,2,1245,136,66,3104.0,457,104,0.47064799999999996,0.359861,0.804964,971,289,433,449,67,366,100,92,165,260,2017,USA,1948080,3516284,9.154411764705882,0.4852941176470588,76,1,0,0,21-30,3
202355,Hassan Whiteside,POR,7-0,265.0,7,5386,394,310,10500.0,2242,6,0.579477,0.272727,0.608282,3869,22,4627,262,1326,3301,235,952,641,1045,2010,USA,27093018,0,13.67005076142132,0.7868020304568528,84,0,1,0,31-40,4
203952,Andrew Wiggins,TOT,6-7,197.0,5,8779,445,445,15937.0,3241,528,0.441553,0.333965,0.7337199999999999,7340,1581,1930,1034,555,1375,443,266,937,962,2014,Canada,27504630,29542010,19.72808988764045,1.0,79,1,0,0,1-10,1
1629684,Grant Williams,BOS,6-6,236.0,0,197,51,4,794.0,71,20,0.43292600000000003,0.28571399999999997,0.7142850000000001,164,70,137,54,51,86,21,28,42,119,2019,USA,2379840,2498760,3.8627450980392157,0.0784313725490196,78,1,0,0,21-30,3
1629140,Johnathan Williams,WAS,6-9,228.0,1,192,35,5,507.0,81,0,0.6,0.0,0.566037,135,4,142,19,63,79,9,13,20,73,2018,USA,161245,0,5.485714285714286,0.14285714285714285,81,0,0,1,Undrafted,8
1629026,Kenrich Williams,NOP,6-6,210.0,1,411,81,47,1858.0,156,77,0.369668,0.305555,0.511627,422,252,397,136,104,293,70,40,57,176,2018,USA,1416852,0,5.074074074074074,0.5802469135802469,78,0,0,1,Undrafted,8
101107,Marvin Williams,TOT,6-8,237.0,14,10906,1056,828,29857.0,3906,1035,0.442907,0.362268,0.807767,8819,2857,5476,1354,1262,4214,814,569,1013,2126,2005,USA,15948108,0,10.327651515151516,0.7840909090909091,80,1,0,0,1-10,1
1628430,Nigel Williams-Goss,UTA,6-2,190.0,0,4,9,0,28.0,1,0,0.14285699999999998,0.0,1.0,7,2,5,5,2,3,1,1,2,2,2019,USA,1500000,1517981,0.4444444444444444,0.0,74,0,1,0,51-60,6
1629627,Zion Williamson,NOP,6-6,284.0,0,189,9,9,243.0,72,4,0.5760000000000001,0.4,0.6307689999999999,125,10,69,21,32,37,7,3,25,15,2019,USA,9757440,10245480,21.0,1.0,78,1,0,0,1-10,1
1626159,Justise Winslow,MIA,6-6,222.0,4,2181,241,105,6850.0,856,190,0.41695,0.33747699999999997,0.645833,2053,563,1295,658,247,1048,227,89,371,591,2015,USA,13000000,13000000,9.049792531120332,0.43568464730290457,78,1,0,0,1-10,1
1626174,Christian Wood,DET,6-10,214.0,3,862,104,7,1516.0,303,53,0.5401060000000001,0.36301300000000003,0.727598,561,146,454,56,122,332,39,68,87,114,2015,USA,1645357,0,8.288461538461538,0.0673076923076923,82,0,0,1,Undrafted,8
1626153,Delon Wright,DAL,6-5,185.0,4,1846,251,22,4923.0,673,155,0.44896499999999995,0.33916799999999997,0.791284,1499,457,752,715,195,557,251,95,245,289,2015,USA,9473684,9000000,7.354581673306773,0.08764940239043825,77,1,0,0,11-20,2
201152,Thaddeus Young,CHI,6-8,235.0,12,12566,955,681,28986.0,5404,467,0.49824799999999997,0.330268,0.670301,10846,1414,5655,1583,1913,3742,1379,384,1379,2089,2007,USA,12900000,13545000,13.158115183246073,0.7130890052356021,80,1,0,0,11-20,2
1629027,Trae Young,ATL,6-1,180.0,1,3032,131,131,4264.0,984,329,0.42950600000000005,0.345951,0.8409610000000001,2291,951,521,1112,93,428,130,20,551,223,2018,USA,6273000,6571800,23.14503816793893,1.0,73,1,0,0,1-10,1
203469,Cody Zeller,CHA,7-0,240.0,6,3517,411,244,9427.0,1319,27,0.511042,0.25,0.733218,2581,108,2440,568,805,1635,278,296,441,1090,2013,USA,14471910,15415730,8.557177615571776,0.5936739659367397,84,1,0,0,1-10,1
1627790,Ante Zizic,CLE,6-10,266.0,2,647,107,27,1455.0,260,0,0.581655,0.0,0.72159,447,0,435,61,146,289,21,39,77,163,2017,Croatia,2281800,0,6.046728971962617,0.2523364485981308,82,1,0,0,21-30,3
1627826,Ivica Zubac,LAC,7-0,240.0,3,1405,194,100,3024.0,574,0,0.557281,0.0,0.749271,1030,6,1026,175,340,686,47,153,172,378,2016,Croatia,6481482,7000000,7.242268041237113,0.5154639175257731,84,0,1,0,31-40,4
